required_mean_speed_kmh,proxy_energy_MJ_per_passenger,routing_margin,climb_descent_min,L_over_D_screen,allocated_mass_kg
13840.003483134406,3344.2334754207377,0.13184282948650333,8.895296722629915,10.147677522806974,102.96991231127329
14641.676658238759,5291.724654562814,0.08511352097665109,13.68781090234551,4.57564601273745,135.61254052890376
13776.342483840031,3434.340873194633,0.005065575907065162,14.409808745436234,7.013049164053953,93.88069213487829
13507.212563652973,3537.2848979536147,0.08587709833463489,9.762746765112373,11.93662374227571,136.0471932753039
12661.336887567684,7021.022590959522,0.00722909512355871,10.288182149495153,4.373525033476338,147.28115460125088
15393.789000199728,5778.445392065637,0.18858294348461932,11.75026739408706,5.096479852764908,136.40512487279213
12921.039485846935,1442.6874741085699,0.013108088496050385,11.003024151416076,11.01841403173284,109.5373606368606
14391.170606268697,4266.142995327011,0.0843819252824933,12.913425735192373,8.038629005095444,164.33958494498125
15973.255625805528,4856.14267504893,0.16315372166139064,14.495471435384728,6.031533873999727,118.1073537961661
16190.280959036825,5256.68692779286,0.18562124204955338,14.238259613838212,6.2754825704745025,178.77629648774922
15040.427767821784,1315.5595704501393,0.15763936198457082,11.902329418323685,11.585800165805894,94.56410731422838
15503.344343917619,3319.6968413125273,0.21419863340241146,11.058723433967863,9.716220065801451,125.58929102782807
13687.572303060258,2502.868249115851,0.00852818479473505,13.956051440764377,8.718409492604241,145.24845468598636
13985.615551842842,2806.331076257717,0.096576444378048,11.003137233654929,10.407569606811734,136.78919554938352
15320.874808354507,3879.947836286519,0.16818240531053258,12.35272766788109,9.783338060993687,153.53306626747477
14005.101553889164,4804.771662587166,0.14714816497639613,8.814824223476736,6.211626142326142,164.7515950422788
14862.37646771568,3727.5673752923635,0.1800264864757515,10.384834520022036,7.2752520205897415,103.81422185788557
16101.647384689739,2508.3552862860315,0.1600319174506363,14.97947307945088,9.631858773656608,148.4770766096191
14817.240435834367,2002.766458412179,0.15178145800579515,11.424900233752666,9.3622756772272,109.10764225779637
16691.620436257428,2902.6151044635094,0.2417628245640673,13.51090410961515,7.972293921587359,132.05730382547188
13792.677333662845,2089.1906078067427,0.12479512798641937,9.03925166861283,10.405599829645139,106.0581397537358
15204.232427186393,7562.29994905189,0.23363882749257597,9.296904265548479,4.281008015763977,155.33441252644
13190.288570516046,2438.304953643605,0.027070016151137855,11.341725902027566,8.834859031648168,107.24613298102037
12682.53039187683,2605.851707037194,0.03301248995908926,9.100840901619584,10.587452677045771,93.89709975914819
13799.98048026926,2530.3219248522323,0.1178841624794946,9.37916811735917,6.297816234127189,101.5407412171345
13846.159748060269,5243.28034660993,0.11124400183994718,9.84767877191508,5.796731639046379,134.70545464180174
12341.126595095013,4293.00820102628,0.005077977288576119,9.107252614432849,7.974647051737134,125.49037291389615
13010.186563652975,1831.015290633729,0.07488652325734682,8.371436663688849,11.921761386184112,135.72930404705204
15606.75942451202,4270.953021274841,0.14115783385399477,14.307604554450627,6.306253464724683,105.62853704028913
15422.940336535865,4379.3087652414815,0.24297943388374177,9.637450059403468,6.028118759826554,135.96593093237124
15718.48905264384,3989.2890898363767,0.20405689118681214,12.131793339303783,6.968599295314831,162.9583125892193
14139.252993443139,3032.765165990099,0.06695322836209808,12.844770474713261,9.657493753869613,173.03596084979995
12971.682142819267,7919.246158974051,0.061035389810039115,8.8854527872738,4.596738493293887,178.42900320162641
14958.232484203558,3201.592514660711,0.16837527588772744,11.189525896739951,8.543016847818361,164.9207281241159
13903.799777672011,4014.578511636752,0.14289701712430716,8.632959956969968,7.996398930123321,113.64169635266464
15038.335430220357,2664.9720332246548,0.11552370581800347,13.64570471851323,8.604945949636132,136.74066696096193
12928.384798429026,2555.507630906228,0.01741380434897702,10.822742825950012,5.073188060657296,92.06748304332648
13474.942908665429,6127.0658708010815,0.03989260484364862,11.774970435160018,6.464575022215502,166.99387265655275
16535.434228115224,5633.536295898359,0.19537045074265036,14.825031495812295,7.204416761398499,120.5031598670119
14591.864651784388,2318.657102775761,0.15334949826308075,10.607491301542982,10.57753395352764,149.35430682194806
13337.161383641556,2466.8263066900786,0.011359885345187892,12.613649318858519,10.16523172057416,166.41897367528833
15524.784769910755,5204.396105434089,0.15311273399087325,13.585131241297557,6.63169898133252,118.08649089971657
12456.129134142695,7141.34829351763,0.007997410112693726,9.430662863371019,4.206825465469369,176.3074078097241
16530.379910505988,4194.271554616459,0.24069698399019107,13.097732610938598,6.360171696297791,135.23852549802567
13520.967110506568,3925.869864102016,0.009464931461398401,13.345404701598275,5.487272749181716,118.20229702539268
12357.202378663316,2750.4182590284554,0.0018334830667726676,9.337533475271847,10.85648791220031,169.78394616779556
15556.107688012302,4917.76239093283,0.23250059987237762,10.489519059639537,4.054930030825155,110.92986879211675
15686.191512739628,2710.4300429460586,0.1583442674109776,13.854316044447941,10.457475457836013,173.51665965586972
16554.098919708085,2537.8031309984085,0.24785893816188562,12.894578442602224,9.398904754266578,96.32712921368075
16835.906398147876,6615.569398459053,0.22637577903366105,14.480444900968635,6.811511435335434,171.39652246758664
12406.80795384255,3161.792235491175,0.0006697184107968546,9.598710890456436,6.672906177160016,91.63644274361309
14151.126919814416,3932.2850302373326,0.15634983873173114,8.936666287068336,5.373824653295701,120.30693066497682
15001.795149134834,5054.8786501182685,0.21986801551828214,9.186330303641574,6.929812517039203,150.38170055361036
15833.287464121388,3903.8623917731907,0.23987208001453547,11.06532251335752,7.348792899853757,133.1757737928591
16610.201840201913,2620.6610604988773,0.24957125463822083,12.989262669192001,7.897628590492732,120.39523863285079
12970.831682970906,4409.736876656228,0.04822280653386121,9.499377969036813,8.68997642442687,151.37008564579642
13723.563992004236,2432.780613546674,0.02589305069025452,13.286100415466711,6.765684836803795,106.7570718743915
15491.64997387017,7077.406075705805,0.1458198626755583,13.78003446390144,4.253542345528498,148.23980795072936
13458.875604785873,4300.477054655901,0.0617854023877365,10.700908298991978,8.096563038924483,116.46602800623282
13694.58438998813,2856.9879255846945,0.010948839762370127,13.869170046241287,9.011759735913543,139.65377195347264
15001.748037452297,4640.661124129659,0.16084705903537377,11.644699657144901,7.742059243512085,178.46635817210392
14258.1908227385,2276.9130225694,0.12215924134690068,10.818585613467093,11.41893623424189,137.90047111015707
14819.369869616,5941.496060838198,0.11993779006083982,12.774658358935564,7.553616421146618,152.35284051348196
15728.41628599848,5865.0372930489975,0.20644413769727887,12.067159181765424,7.115974592770682,157.437103187077
14847.376513961513,2592.5442999872553,0.10514560784243548,13.486317215778161,8.199350447057087,117.93614830812659
15633.92412721617,3353.176169608877,0.12912298282817247,14.868040052283359,9.010309060846605,158.90317408632714
14462.968231160121,2748.771284384595,0.06575705441660595,13.951898410298007,9.00113799391369,166.88768778345715
15312.56714708258,3437.403605529807,0.11398103299387241,14.538816567890166,11.343299801929373,177.6808740808533
14332.401309262445,2881.6676584344414,0.15650391831293406,9.575790884579233,8.631262308582352,132.88913478575847
13602.344426490059,2807.533359241017,0.03902651481748734,12.266441753434275,9.84218827668682,168.72883158544676
14604.94212576341,3296.895263125424,0.1224846631069374,11.972329539503043,10.719540293013107,173.17036482330553
13483.747587060594,2801.6383733907765,0.0718017537762563,10.327639821750289,9.613391657513514,139.16988072521457
13700.908122889192,3361.9949759023325,0.02522578720417018,13.239288143499522,10.967741667677853,137.62685144590887
14953.99556185277,2436.464778951922,0.1662906224105831,11.262810326335108,9.470765845634912,91.72860388122025
14407.367333272758,2204.1945335498526,0.0974349088357723,12.400204354227057,11.714720802963255,102.87494438685442
12628.731539056003,1989.971893067312,0.010796668259348052,9.983301983745818,9.566577428837176,131.6422842219748
14527.200357756987,2649.0629561897895,0.08093279069494938,13.502702476946785,11.633614829421894,143.53969450891836
16524.56605980225,3446.698410614531,0.21024851357773824,14.232684342796396,9.115255283194493,167.29647640351905
14820.580753097662,3223.6361797922636,0.21201418699896274,8.896172561121693,7.892986576443038,147.58016913543366
14404.574282581345,3120.214439370462,0.14954171397560823,10.130472380886207,11.110443312425403,106.25212071675902
14002.345150654573,6079.000312403543,0.04820120633568653,13.220581036642928,4.464692215442509,157.61734901822382
14476.4267314639,2179.5247106286492,0.1002170699961093,12.507180963283648,7.652369502170918,99.77334014341298
15611.571195872917,3479.205663330569,0.23590539363440152,10.529128606423395,11.56509211053284,150.22960123170904
13686.033378260423,4105.101735388431,0.09792185725068367,9.869182965217096,5.436402343145983,91.27945579121113
14862.843104473714,3492.3540512155996,0.11513456085575777,13.114739942215742,5.893362786301453,99.53261816450755
14856.404793171794,4501.085131151083,0.18572382148152178,10.12524589284639,5.594851098707853,130.18921411718716
14584.15559121104,3747.126827079595,0.0981501488155114,12.946559678194351,6.9064805247926095,123.77955009625938
13836.916203122915,6518.870432558226,0.1440111312250719,8.334351381948565,4.700057235935882,125.61101032943967
12976.702940020536,2345.3200750661167,0.07646826405188292,8.16205049072324,8.08899583204672,99.47549697631425
13371.210792629066,1923.957532432921,0.014406044242771199,12.591955747920416,9.061369067964298,93.57174130576277
14784.706278947871,4176.119852271361,0.13812741177351606,11.895120726002816,9.394415792923223,135.26548333861956
12824.995701511549,6175.90788561083,0.04072234761238733,9.290585193861055,4.59948942068361,103.3855371556253
15735.59537111174,3871.04171923711,0.14150316415081376,14.667999301121094,7.929102269170295,122.42730041054733
14514.278300177297,7719.063941449557,0.06631366706901082,14.090720585576857,4.037794675457697,145.5125026862467
15682.060881379846,1884.1156960150747,0.21339439963532783,11.648517194250937,8.56879694479608,90.937863196033
16179.714394259541,6273.621678859591,0.19501085336274224,13.845723747628139,8.953582376261084,178.47148784047272
12791.74316898736,3662.2622711811064,0.01868976589087415,10.235097374139247,8.129936282681195,131.76222064170736
17167.136965071277,4142.406069000408,0.2364900515279885,14.990550519431178,7.282271136036678,152.0645954740413
13703.611995409696,10888.41380152801,0.061959461825631695,11.573416358875676,4.2878590718779295,164.67305886951996
13445.928266332154,4299.820663895903,0.0849270221735127,9.577928614616152,6.422187574028756,133.12376474950355
13354.094807587493,3063.5640430532194,0.030634910389349068,11.77176809441741,7.113765523744357,134.75600883376524
16160.574152451947,4037.6096287090436,0.22826078252855056,12.505344084904287,8.497699508923706,121.02334508688017
15381.343063208791,3621.281756138628,0.17969490533773524,12.07232166999189,8.174651816819345,97.25638262623832
14496.537873635056,4292.384225524723,0.11685703415133872,11.855771023172885,10.087162169487279,138.37616985575497
14645.0302784129,4425.854750021479,0.2094932768669224,8.391155995612744,6.1390602742359945,95.55996507167231
14854.81756553938,3780.8532603949197,0.1638199721787909,11.041350454928278,7.872770534497524,173.23400154262015
13166.13606847976,2398.6144378690433,0.05974343243465982,9.70169600823742,7.007720757202972,96.1100188509315
14624.514299205686,7938.772221067178,0.19178612669697928,9.075377209197242,5.179455457677598,179.20413925165366
15138.101187988716,6092.010951320886,0.10647102454748525,14.324891446711788,4.969829891303032,141.65324094977217
14117.459291375215,5492.937957621024,0.16289850771903075,8.525016538153437,7.232695772231026,176.17091776540508
14413.494908148466,4297.437605160971,0.17850964292945062,8.905425359255432,7.882035723648888,128.887021051398
16040.081104460492,4534.86419231293,0.21373907581418533,12.71431107619062,5.5909801220626845,147.7931129112136
15308.098108184711,6649.779424542611,0.11450482277312976,14.504162730134638,4.047370079550755,99.31795960136425
15150.189366045359,1961.7934301141204,0.12129147865640616,13.750035138597207,11.000554720135037,110.11252014296923
13869.515762899662,7087.506911214484,0.145197984302395,8.402314258807845,4.139366495303282,99.68074328991153
16814.444153793414,2774.853543581495,0.2336982532052035,14.150206784298678,11.309731138731156,173.05936773188162
15155.683089883138,5088.194621917914,0.17025386339681006,11.747978270675155,5.907572518979017,101.28170062138206
14056.929771663796,3113.9321399458718,0.11102734459667665,10.609295664493095,9.441040067842913,148.9659662638054
13370.42064446426,4087.9463795513584,0.10769072674144434,8.229257246277987,9.849898344519215,139.54126916867358
14030.654850545732,1773.7553437338627,0.021128024446730564,14.520759774313758,7.994807508854726,91.66529243399462
13956.108745803465,3125.411855913731,0.11268383758066916,10.178318444403518,8.27078278751375,122.53026444741766
14540.255105410135,5031.571164034393,0.10326603955666896,12.584627093041785,6.518122988734462,105.9083866486654
14025.732287871415,2163.24723523586,0.0286709869747398,14.168729935682851,9.617520076491,132.40258607309016
16748.689099884745,6421.966180943095,0.24684094908177676,13.479841826735862,4.6316642597063815,145.68225541592304
13905.857515102276,3485.1492985021414,0.04881689219900201,12.8683281825651,10.842575267868055,160.72594439961455
15411.473904125625,3048.296661297322,0.138164075978577,13.850006394008709,10.514542066762608,167.22792690672094
15420.329967552272,4946.212929468531,0.15137624093049531,13.341094934497857,10.822708235069634,175.84807490130856
15067.27291124873,3199.9978052012184,0.1301821438886629,13.126785976134757,11.676841560796902,145.499317252528
13357.130340144742,2780.3001575927906,0.1098274504939086,8.077780930274258,7.381935764273378,108.79393724066367
15063.849581986527,3045.619974177102,0.22980097197637767,8.983600114994772,5.704197964575705,94.39754695223715
14532.438322262491,2501.0487657953004,0.1773102043127794,9.37519463808545,10.902373835107776,124.2497091348439
13114.023851987802,3297.519785384113,0.05505201659018383,9.725373904998317,7.794293811115816,135.176841325556
15583.036384183542,7579.880375857247,0.13638854374107665,14.429299049714835,5.641038052511639,177.54216169268648
14111.19000030452,2846.1156844326197,0.026480311827984465,14.543297192363443,7.241673146716101,132.41943397326438
16053.043703960737,7198.640108636716,0.16634561394065203,14.597390017828042,4.44946301156232,140.276392335492
14939.931338552455,2808.6034788877855,0.1563980511386659,11.630711821402688,9.167174678516442,133.83634193414855
13854.96786132782,7263.124423522954,0.07132197715605859,11.680165504790043,4.288652809604534,178.75523498957173
14797.628666901357,2011.170867257773,0.11795278493228817,12.789099536571833,11.692260540565982,112.67844523512848
15237.162322290043,3919.5809318468796,0.18933242454724697,11.223558658599593,6.0423225767561455,132.7707988202982
13439.614856947177,4279.769360961581,0.038136697373940875,11.729847959472508,5.450480481748388,139.37324122151495
14022.837260126038,4132.2366146574595,0.09176195306081047,11.347741210038638,8.385619811725176,176.99616967653031
14350.683699971125,7774.005982634268,0.15243736589269646,9.817108039992023,4.303146058876289,106.68077196593461
13529.69326788878,4419.0797380293925,0.047942195732271736,11.598332539962195,4.648388234909025,110.00411246790543
15669.229103422249,4848.666573576469,0.24504832206076022,10.346539241188303,6.826383983431835,126.65192162022284
13778.449827217439,4357.283040369848,0.05235349273002246,12.272110084407254,6.012746176307153,119.3514394295693
12920.991771950257,3336.1123023366463,0.017896224737064065,10.77127359126558,9.865563247965646,171.91725310930775
14125.941599323925,1488.567737799407,0.01741317418021554,14.991877474913977,10.970693832130653,115.05316666231485
12447.76119145989,2873.1012711206986,0.03111600845295759,8.23607154485007,9.192149288592663,130.11633177091093
13128.120302944953,2269.5960555191527,0.05313069315282773,9.870812089570435,10.408286711879882,127.51979878520073
16852.183924635367,1813.9504560312562,0.2246422075877453,14.588695298727234,10.128156272733847,104.1795486190578
14903.844324720663,2495.9743006858716,0.17163232044022383,10.87483923830456,7.942018286257628,115.96067929370142
14796.09711327446,8947.321513353232,0.21529253667306622,8.673150883094722,5.0224070948857165,151.20646237364804
14416.446544145321,3190.5858433799503,0.14326015028518985,10.443824012041057,5.763773948298062,91.43178550726688
16022.271675879356,5659.5828502791,0.15859324157746174,14.81254875918118,7.151636736312128,154.19210564040068
13959.222907177582,2808.5336381560305,0.10358921650866701,10.596564289817795,10.024531506862807,137.81033813234603
16120.899106245239,10610.280208406648,0.23690900350844235,12.053220964400097,4.306085252235988,169.12589178067307
13146.007590238034,3037.8645152447866,0.049897715292077816,10.092701891020699,11.821243518448853,139.65819745906174
12765.100696240197,2523.452367202225,0.025738127181945097,9.786187064016694,8.95794718896532,146.2180589033991
16300.175720442658,3323.451542609989,0.216830276882338,13.350320150910333,8.717054943001262,101.02740916111433
13030.229639338058,3047.254078887383,0.07170703962116773,8.603332535121872,10.604798198966588,179.6632024099972
14468.227742060166,2090.3490297604953,0.16765703583083222,9.56745196013784,11.70984892573092,121.49125882735633
14051.558141247784,1715.8709247089787,0.11235476977991285,10.531381357649384,10.741837496636146,110.26006552181545
12768.248191617586,1933.4623528860764,0.005736143865915644,10.777497623842038,11.991774257029213,98.88785487384331
14555.19026382533,3593.9459257188973,0.08538222344370522,13.401089360983711,10.868422030552672,125.9719803349858
12455.558380112616,3922.7774058384707,0.004951161215262345,9.581177202062555,4.541581602893088,95.51888791946106
14826.007261259669,7890.130709275921,0.18361468004305598,10.111886553369905,7.196272063798276,173.2077793433406
16225.493245671794,4172.764484304151,0.244074114343376,12.0863459962373,5.2942878345224855,106.15492007921279
16627.95817181974,7213.130356268826,0.2150193266000262,14.337970599519732,4.782593038860411,169.11628353826632
13796.26753167558,4190.3126585442415,0.04171822099763703,12.815473655943208,8.005642432007964,118.59525805366411
12960.158627188044,4664.379636995413,0.02964883903979998,10.353371189868898,4.24863193717554,96.56868910225646
14254.767339152422,1930.3906832513796,0.08355866570158696,12.498946353347904,10.885886833974308,129.0161621548022
15174.95595014726,2201.472501624995,0.1607151969900593,12.202060175362494,10.218787508266345,104.97856658089225
13894.704359663632,2482.829456689971,0.09761203716843087,10.635982550938042,11.59644510373895,168.82588128113218
13996.278731464186,4173.456207125355,0.10576453384007176,10.630239520262908,8.788263649217413,116.57341397903599
14398.59543090842,2073.4625531716156,0.12533130343863852,11.160499080840331,9.396826910636722,126.51281505009771
16093.744980167261,4174.975208891425,0.23391830165928534,12.088448223134808,8.500689658211567,134.21949324700478
14519.25452193324,4780.004950629255,0.13356048313202687,11.212189778802529,7.3237315925642825,131.42757957298133
16422.263638833832,5890.495679231873,0.2450890157362093,12.621824918811633,6.645287888595065,155.64389532080105
15656.106634729063,2991.1304113773817,0.14372859444728428,14.349014746835673,5.168772976675845,98.63956245616406
13931.077987521981,1725.7030353437535,0.09705972688105799,10.78964527798087,11.356384925295522,120.26329319822528
15671.075814825992,2566.59409744677,0.21817552190180473,11.423971636215349,9.958850574939964,123.12013467756422
14784.071538671102,2958.917102031759,0.2080396474112892,8.937969680808578,9.492714983874768,147.3280186403107
14967.796045399495,3019.6634427069744,0.11511969342936615,13.444116196272123,10.832822950057766,156.9617300083798
12835.766004039579,3410.0460598669515,0.027216667865018473,9.990649623984098,7.425666909599363,169.63474497495537
14439.93117037294,3841.6217472951935,0.19141599352559757,8.440434448207071,4.967447610874662,117.09720733172131
15995.096326617322,3985.4075123020916,0.1834747910818406,13.76369729747748,7.854812808897639,131.1400329967635
14690.764053410108,2444.9624516977483,0.196728067121617,9.094812697363011,9.939044642648916,115.435960101519
16563.390090594996,2013.6520899626491,0.2165847667356674,14.100908374154901,11.151444685730153,116.41304715606276
13464.022242619703,2732.898151080883,0.0940200778629243,9.223657047669512,11.12073207459066,150.93124267530766
15345.94508659734,5231.085708410031,0.15027316928062956,13.1598479054397,4.87050038869497,128.21487989272003
14479.177988946365,1618.6245772708985,0.14787284528733297,10.459450217561717,10.665985675537314,94.52954844463974
15060.54712573529,4100.063104017198,0.14787780753639715,12.371614862722694,7.101892867518649,169.8019208839367
13344.296675988955,4228.414171035302,0.07572226710430538,9.624958573819818,7.605014994696702,121.15040598440986
12525.07378895095,2135.9098836727003,0.021116396390311487,9.054491267345481,8.546621210487931,128.89866461814643
15003.758932705186,2554.954196355931,0.12988086257573855,12.940910326778297,11.233558555726512,118.4080763356368
12938.524559027956,4771.763598995257,0.052251566181964776,9.178699657808217,7.698098576128187,161.55620955678387
13384.177865954765,6162.807841791903,0.08274772917205167,9.447047092146743,5.90517727541626,173.1812122567007
14705.711117172876,2041.292844517386,0.09912746657181293,13.29396751088034,10.37548158824887,114.59325492324116
12936.437052102687,12986.166215439804,0.05882320986904893,8.853052500898604,4.230486653385098,178.44055686340408
12885.450174346322,5918.583863285559,0.06474435806096834,8.363511803860275,4.310079579099171,172.73489653299924
15674.189348066104,9311.470032358837,0.2350165415418707,10.762200868422525,5.350090737392438,175.25271935762322
13948.017761398745,2541.532707173835,0.11886110351781387,9.872663278474953,11.520166672826083,110.44349048678038
14158.028365734353,2570.9754268950965,0.03488668118164648,14.322643046522625,11.707300970536144,113.97977493809684
15734.539770984156,4621.5577099141265,0.20793323448033005,12.026673634551507,6.276975553699648,165.7327315463907
14145.813642819972,4876.694988749265,0.04676854656955673,13.758312046878956,5.6665912369815885,125.20075267745099
14284.227027997309,3975.724819554331,0.14183099720967876,10.047637716796618,9.60999642958571,116.98956184672494
13796.658015027866,3819.5435168791414,0.13770772309868184,8.469096924184754,7.0757545183050174,155.9227576678913
16101.050736721014,2862.2152647318826,0.20162600050619625,13.363489775792472,8.42360338434132,121.31495958626368
16132.35048961268,3195.0497685181185,0.1906949793784846,13.877395854807066,11.172113404262802,136.12837090287883
14832.825090692682,3638.117241065081,0.13411071831587867,12.220398195451287,7.14765909653766,103.88289944976226
14378.762644656319,1875.105442622131,0.15210922037291358,9.929366724687638,11.559370715530676,115.25941590098573
16070.784593367249,4936.3055046865875,0.17222480700736909,14.418902861963566,10.491555451071266,164.48508055684783
12750.600019121885,3488.454432372974,0.012897527840117884,10.358392609315409,4.740780694643078,93.53847468988732
14239.269806383216,5701.630825412544,0.11341097078132414,11.137157935207204,6.6065872252847,154.83392658254039
13516.78748297438,3114.625194054388,0.0719636709110287,10.441571293721072,8.753503242280242,130.55418418299743
13809.302704724078,3524.3328596072065,0.08743659719538366,10.791158368178767,8.622569862437071,122.87187984345725
14108.13069235413,2694.6511258988658,0.12288904683090315,10.263145242501121,7.663670968753646,130.63744945951575
15748.712589996163,2738.8851556899995,0.15659299448964692,14.107000151847462,9.710328675116937,109.93563038821848
13998.674917197384,4749.085537058701,0.0334313913262127,13.867640492780776,9.31841501873628,171.97306413051004
14486.585807096684,2875.324782438122,0.04909537860726407,14.745697309419421,9.022207902591909,152.26876484281098
15501.610870515096,3133.0431250968772,0.2007107387770602,11.596974278300419,8.790054419943656,130.83734657686398
13836.531167370349,5644.092477097373,0.04092272568316763,12.98870537530723,7.053919773962827,160.8196622536057
14253.703897457857,4763.337599083795,0.030092064476897135,14.839446563501205,7.705416617537488,166.81276118897824
14134.791525100702,9003.778913042539,0.15619444609214841,8.884522981278113,4.323347743602535,137.78753487969672
15616.85752045239,2332.288130618635,0.22648042079608627,10.923010046690909,8.060620688923951,111.20857922993845
16964.090565388433,7089.048908165714,0.24969716642538625,13.965317795047767,8.427073600641865,165.40546113351093
14034.404377806763,4416.077241124511,0.09523224234061684,11.233321001534609,10.39883778252362,152.12403930527435
13533.771947794472,4173.1160260185925,0.12028114308568255,8.272782398576277,6.1181073105483925,156.967595352065
13947.209693547935,2899.127320457279,0.15087158839792417,8.435538708977429,7.082585976737102,109.0064907224779
15486.22765910717,3282.696373275074,0.24957985655299142,9.576925494570826,9.462885781703093,137.30075369903128
14023.100777246085,8642.450769231345,0.07507399924162447,12.092307860664187,5.056708219885673,174.2915346079909
14524.979701110416,6081.833879707309,0.19692104381929193,8.50549175252521,7.411439474492339,147.73312820327618
15390.25277109836,5195.375014222334,0.1778441512916492,12.17521529782331,6.955526594796158,132.47101999873914
12846.09570642415,2531.666863439819,0.01947990843329292,10.407218789784547,8.793445242125518,130.26780117283965
15463.554392879612,2220.8081323708475,0.122129284801438,14.653422261391626,11.559627284778477,144.50760326320201
14814.600850835495,6941.00806285668,0.21585515440506697,8.71352715712241,4.072184661123882,107.3749192957253
13302.320974899645,3096.4339838075766,0.057463067817812796,10.323758208618855,8.96521792833652,103.85485986309939
13757.081383637757,5583.000468984049,0.05391240546234105,12.1271639159448,4.560294597545217,98.39827998576038
14100.573884349262,1795.4922815727148,0.06809379232198437,12.664872734450626,11.600504135484702,94.13888873365994
13934.660981883058,2413.5297405963024,0.144010110674589,8.69680620900561,8.80651888389252,131.26964725635705
16710.551735614914,7719.443233900261,0.22104859336982377,14.33819185332079,5.995289592202761,155.14096305906395
16411.836655751373,2200.8677233359203,0.19361598451982776,14.551622155653934,10.29260561574881,138.4725202848344
14181.633170402141,4799.438775639546,0.13144473602025955,10.143929544714181,4.719459086718349,120.10670648144975
16779.394688301032,4933.513984526299,0.21323571486994916,14.816502684264604,9.881917657469655,138.1465961552628
13559.616034399105,1449.7009521913392,0.10473762503564077,9.087701975240732,11.795693507060182,108.28541092912077
14602.963152197524,2770.5263237362915,0.07650388451009854,13.933463774685901,11.325048767873952,163.15018678784566
15999.446187708312,6050.884898422959,0.16295519874237335,14.577714673645668,6.18514815846454,169.7527437009188
16712.12463164821,3573.7989948036825,0.2215888139347488,14.322289453836806,9.868966432439684,102.3251299143044
15154.819793517347,3307.1762788286637,0.24977530118028532,8.466207109665671,8.011260469806023,136.48796507009496
14295.37704193605,4932.700369425462,0.04339697234178683,14.389492517789607,6.985083007247991,136.53137600927585
13985.971339726553,4469.882134895234,0.142996886535757,8.930293718178932,7.499540748087649,114.94239897366118
15571.11896916436,4778.230949006745,0.13344060300451394,14.512728185591467,5.554111797362022,116.44789348799605
15804.82047765035,6610.009297182257,0.23264617165109672,11.262885764777058,6.863477442980129,131.77591143463036
15540.921899074192,4988.080422737342,0.14030483381223277,14.14833253574246,5.221221034392673,110.43256981328676
15682.110283051637,4803.094363439031,0.13731897108947821,14.680122588853385,7.099370220918514,113.0167284884008
14705.565855746432,2603.623234483717,0.1443929740162681,11.369986621726447,7.374886074964361,117.00185955450809
14546.16639275384,1900.3173740730851,0.08024076694357093,13.59305724115092,8.237152070529149,97.65873586284403
13174.915397239924,4265.565501541658,0.03284860185463648,11.010864286428934,8.547206369445458,173.23272995273908
14284.192952100531,1999.9743163877883,0.05909861252612367,13.666870208468913,9.653603378488697,101.61813005569628
15785.9169393138,5885.771065127577,0.19825462753186626,12.565945509309207,4.985616867860721,92.34906448889623
13330.232557584646,4269.443641299076,0.017970679341738016,12.279114947880728,9.264959646171608,152.78800086204592
13186.555766467085,3306.0015101600347,0.09331488408188623,8.188659192985916,9.79079993550937,104.8557353350796
14625.882634483058,4606.260778121858,0.0675162530433944,14.389654877011221,6.566450088931663,139.03565664954056
15233.812951545413,6316.894431631444,0.21699999747585785,10.077893186462983,4.053002300971667,145.23591952741901
14131.291748593227,1579.9444733272574,0.16552351980824398,8.459322179962314,10.861188166898891,90.41781439090381
13262.078717038088,3698.453688470557,0.008845807559263202,12.463835335903791,7.267547132411666,159.61420563400867
15859.997049727568,3208.5742128594657,0.20298850371658042,12.60098447496733,9.453394779802998,176.6685336924574
15507.687973679436,6227.753238472071,0.13691410802719073,14.186702904496723,5.628924684839124,160.8280345806294
13913.215569723243,3949.2338578161484,0.14824824731547367,8.427376595317728,7.691926920234168,103.33254602702168
14428.90412244341,2895.190391821947,0.13317492372097398,10.923390172242538,7.991589156327387,133.6085758404534
14866.021152288306,4800.7714378857945,0.09772368226700717,13.856637998642285,4.976844643977338,120.18675637746415
14983.140813366303,3631.0631736145697,0.19317816315762565,10.236217632684264,11.158684887762703,158.94236177546014
14511.764539683985,3528.9074575550067,0.0921305766707998,12.971049206279023,9.474837981781977,155.84555230575427
15360.833658260874,7816.225087772632,0.1576285991200398,12.906018608269253,4.700955955827002,165.2098815908738
13096.464261321924,5084.026485808245,0.07415071390074734,8.746667809611456,5.767238670635852,118.88361557318775
13061.572923494095,2551.0384597060843,0.0685500325306524,8.877706534463957,10.827601866393358,164.59059633889086
15412.46977487774,7412.108437095757,0.20307358319174065,11.221223880151411,7.516566373143468,169.17028211426936
13371.894930724193,2230.97560295607,0.07940071370276994,9.557025024241469,7.241486862633591,106.22017661732701
14036.368104177152,5251.275217015615,0.08893836795503904,11.520347553461885,8.162353513132572,167.02057412320153
15013.689999122496,2037.648845379231,0.1768028870273645,11.019047371974134,10.17493249014661,95.21414533279557
15423.033019933078,3803.010419879262,0.17354176154775328,12.451183993522248,7.261793907361707,138.60705780568037
12736.103575351917,4871.305058671266,0.05677783743467252,8.14888962341411,5.782116774532626,104.99035481060278
12706.75037377392,3942.2559624275555,0.047036079166520306,8.508197426543358,4.939302179196325,118.5749548268702
15518.97772797691,4156.746432096297,0.2184496266509738,10.93685132857979,7.72293137378045,166.36524701746896
13614.699067276844,5303.841121406397,0.10842563273429359,9.124409766825831,5.288228170027634,125.81401674560566
15924.272870335695,2772.0664522102024,0.24218576125195543,11.254123642521495,10.773702163817344,167.12603283977398
14135.414143192655,1755.3718551634893,0.061539950903187646,13.071275228923238,9.788516085430775,95.2674745257155
13549.181334618812,3304.679161270707,0.09139541073841903,9.663847727332989,7.039171013078038,106.26057456170848
12201.569104155387,5189.019366438316,0.0017233208137812372,8.696966263432776,5.585994052393087,172.19714412607954
15205.990076977016,2417.6993993286846,0.18827244958369327,11.167127463239034,10.729356743727703,138.79927261152503
16236.476541090122,6726.330947082136,0.17797697846836394,14.662667900248067,5.326530366987181,122.65213654561471
13794.212543850492,3179.122055471025,0.06472782138054972,11.766071464183625,9.986495057551831,110.73093005738585
15484.047411823545,3046.684055714867,0.14790879734698098,13.67303616712411,9.241427574900559,149.57646802530837
15133.058829088155,2674.2476833055543,0.11318758029108814,14.032320717793219,10.087969801605897,133.9361296410379
13642.688643165415,2012.2729694119564,0.13071250861833103,8.20794114358715,10.255726579506081,130.86016218146045
15226.19594532876,3395.2255532690156,0.22558434120537124,9.70060797174001,4.987743078693871,99.89432200579715
13878.94379960694,2398.130435511425,0.0963918582622332,10.634864740927803,6.507557128540577,92.84117309073785
14039.362674491056,2384.395596160666,0.05896592516817356,12.864779908508897,6.8966846620071784,100.4437736893286
16369.897457328932,3259.3122306430287,0.2186306509852961,13.480280759383733,8.557280023282104,152.0477614135392
13642.08556376203,4972.100482185159,0.028497547994563027,12.887794230049426,6.545493267571707,138.30569622194278
15582.891792879558,3897.7976283624766,0.1710322455060105,13.03960452559722,6.522464906320172,144.18373726180843
15828.257457175341,2970.913682374394,0.14566249891291305,14.769171962501046,11.363887760314874,102.74601818080234
15750.102884856447,3435.1986707384153,0.2418654714682818,10.727782998420743,5.861280210685253,100.74906634299094
15340.164732573929,2464.549670420852,0.1292023415975164,14.000544245791234,11.695368663997328,102.55372123399685
13955.184073880508,8372.171421771884,0.12937869862434542,9.42743637381456,4.158663513276246,153.7608687417936
14879.39272442645,1945.6967850906626,0.18795134202379826,10.108749149657154,10.97073418590962,92.1642719062704
14177.144471873085,2860.875923736509,0.1221856789725782,10.536265357599845,8.886718098671949,146.59922031637348
14684.568965760343,5337.829313600389,0.12616119759800518,12.076304194735076,5.80543386732549,162.43823902461423
15832.106434386224,5541.47224804841,0.20592202909665835,12.40169643241957,5.438496410500558,137.6560499797083
14793.12180740276,3579.5621180323674,0.20350395324628795,9.160808590466896,5.151312556350088,104.42736788357705
12800.286131052331,6606.578300883676,0.05008151686300907,8.735788345362524,5.185536103200568,174.53323310062942
16295.815905397143,5704.843822473585,0.23971632542844806,12.46022114068646,7.028283214583122,152.5575076062126
13663.30024016066,3122.9193263761554,0.10068724062063308,9.65929805577138,10.197460452318651,105.30006284407094
15304.13115589127,8414.174575277717,0.24952756404717524,8.979100774107897,6.724506027314864,165.57978976541702
13131.06012751785,2633.9762505132035,0.04000053353249719,10.506892928152133,10.94356491791255,160.1691277452375
14793.222144728414,6598.980397307006,0.2025263029087752,9.202451672142127,4.043840385600402,123.16461915628332
13821.708864214988,2199.593989061098,0.019539509698612595,13.905058708726298,8.541228676770878,104.63210556939583
16134.201290479088,7986.760841558408,0.22415639005606758,12.586678594098867,6.042175031143931,177.06395996184392
14623.785000995827,3743.330639931397,0.1633300448193319,10.288817067994314,10.97066347320473,130.6696497166882
15382.418321955027,1839.18568349572,0.15913275856368184,12.910995563072419,11.912081985445989,135.72335278742543
13356.543062995877,7984.938599392648,0.08877596678140509,9.060414846776652,5.669959214977863,159.76848675743494
14107.69524255764,3400.0418109008465,0.04249885778153942,13.82249488683074,7.98053020624057,159.01854509354203
13481.13192534223,3125.1562752136642,0.08283714887188434,9.806470588671758,10.442480018762545,115.32969550387014
15613.49746943536,3927.6988185253085,0.16377173775152418,13.422244634940707,6.804349502862649,153.3924494396677
12732.16486628,2773.1714191623278,0.0003770129072133144,10.901028275489114,8.895035171958522,109.2623250127942
12686.709225594133,4722.438857192611,0.00992568070706873,10.25477766969948,4.338990582910019,122.87728326277932
14615.853768562016,6219.62380233191,0.14587542673850565,11.008113433204974,4.788190398929706,129.39070189501163
12129.682019014783,5559.525487411079,0.0027053291150051506,8.342325215866474,7.096155635640025,144.4043599896358
13139.411256942016,1816.0523970190702,0.08387288511892377,8.451813345559728,10.221463736928161,123.3443650680813
14385.219604341526,1931.908287412743,0.10425715766800733,12.030557247342038,10.966151881046168,133.407150831
14641.879726184805,3146.413749588559,0.06658548121381616,14.4792111894137,5.8408134009609105,104.26509927694309
14001.10000653097,4266.761206732726,0.0301179766246,14.023516099039494,8.186408484094425,155.78289048304984
14616.997816170166,1885.4253872079616,0.12945490860749712,11.713952000772547,10.76958813429674,115.96976159885361
14762.807646687614,3169.144491303103,0.08861880779278597,13.91943251964,5.295526802412711,94.43216819701865
15397.250736726948,3893.6359252814336,0.13014149461379954,14.132973590937894,4.929010889989831,103.42996420625775
15973.714070285636,6178.574939157688,0.1572649241429527,14.72715045683271,5.315722368551027,108.9766219113666
13771.768747332997,5373.393899029576,0.11370943535607742,9.464900614452004,4.685155346694718,121.49629531910854
13573.964039545814,5519.986093343331,0.05042404703419498,11.64193577780409,6.755206093037567,130.19573634793238
16005.85479940456,1845.1654788557325,0.22316463890744911,12.245204326950729,9.377238609132986,94.29123880186759
16310.296657398883,9914.728118444336,0.2196362351680369,13.271762010948137,4.3732437311040915,133.61359287519454
13621.314411542886,2805.688757963057,0.11723949694220201,8.744767289261869,9.268621896783296,159.47040613729422
14228.366223911395,5904.340446265121,0.14566721563706772,9.683039683122736,7.192764271106407,165.07653813932862
15590.866190064431,2132.0535944093867,0.22384687511783338,10.946750102471412,10.2371899466062,105.21351420276983
15618.626018654266,5521.934034701957,0.14524308474532588,14.178869629375898,4.291629571286989,94.17215485001547
13450.321997300203,4638.708901118655,0.08376816631565387,9.648239997934988,5.9288766305965375,132.5741955347376
15808.929120342935,5605.622138844123,0.14881685060325794,14.589185516589941,7.584132711477037,132.6087269538831
13587.905522355459,2615.2547986493614,0.059959949157282005,11.253001081662534,7.534938751659393,115.48391789966664
13854.66741792797,3265.537101803754,0.15210101104854223,8.035661946677426,9.416337602019562,168.26139248214633
13823.608768512373,2681.505681489513,0.0938740822439495,10.551076089830312,11.751377874911292,123.95344752557665
14525.350858620579,3266.2642963455914,0.12365867363528524,11.658655667787254,11.056529151606268,157.44308921312177
12273.7445721042,1524.4756467861753,0.007800643693323311,8.689234125152911,10.489806339711532,107.87764827959484
13967.354483817839,5609.588782458221,0.07172094876871762,12.051115164670389,4.389127816237096,117.32135906402777
15623.287871555609,3146.4094740073338,0.16259182411379508,13.49862700165599,11.066827356799358,148.60112570513434
13509.60058199435,5237.048419581862,0.01134010782817732,13.2194128465838,6.351492224972164,165.78094942817881
14530.64943381139,1793.5999014330337,0.061663712947694516,14.34241932201019,11.626940714504576,121.05782088829261
14333.14294153281,3801.5914468252336,0.08484202664809862,12.7027363155694,4.156081795435725,93.88519251440769
13770.66182920417,1947.3275154353591,0.1304237706667278,8.702356545626278,10.41013426380556,93.24447597119921
13388.527511181957,3722.33597471675,0.045904690487238,11.183094961109827,4.471994815688766,106.00279927397062
12583.484523298936,2257.0952229818167,0.0016690682874025975,10.256734706996252,10.040906833051121,108.43643861719687
15058.744733541082,2622.443353144473,0.15241731837082043,12.17753573076455,10.871909327540301,98.70144627394104
13559.285639343896,4170.963359555861,0.03379701499739221,12.355868919491531,6.541864238371242,149.29832813563783
13622.300253007377,2051.2820565587604,0.052426011867317684,11.721688584225136,9.372553050428003,116.08740806330187
14066.348056703155,4441.532929226942,0.07183892564861194,12.383319911986542,6.274560059519379,144.77688212535162
13439.640979502396,3268.4906678483544,0.0925366470196815,9.200516954604707,10.3052782445479,145.42940424338227
15950.156928456312,2255.5504645923706,0.21418123205749107,12.430399742999363,11.792180092243523,147.85309302157106
14698.300172441726,2506.1603836836225,0.1332061153258928,11.821558873872831,11.358521220627434,163.36192646107713
16755.46067534665,12898.019676016798,0.24832295892579279,13.443370487533482,4.640756303665033,177.11437936980508
13630.270822607783,4516.322619859435,0.1287829221249032,8.2492209747407,4.764841453313215,103.17770862095335
15005.304190123588,7018.049598449169,0.20138565281270396,9.967917053083356,4.218378033069644,151.1046273191042
13467.10225290952,2520.9232349290223,0.0574706343202796,10.931237541847965,11.640009086319154,147.58341075969034
15620.308192221548,9564.375991231866,0.23959891397475722,10.409037744101257,5.541135459261088,164.49875452211666
15775.893896881176,2453.866777756175,0.2092127347905568,12.101746049796327,9.367360728368373,137.0283108967717
14680.470571834843,3740.691830308392,0.20593049299356608,8.667401798531847,10.388693226676605,133.41508428535604
13728.377002058309,4490.792826150523,0.0655495729754002,11.497356532481941,8.04358375932501,179.1749170559271
14830.098992241185,7025.848762033928,0.08616097883951801,14.232088706039054,4.08638160396847,117.58589576529607
15525.270937655105,6843.601856939029,0.13954037414208065,14.132879577310055,5.699194841240174,136.62747322901265
12873.69127590398,2574.3161270205806,0.029573836284103677,10.023555666502387,7.363611636999271,96.51713020290157
13074.99003004114,4340.426958203554,0.04636837015774628,9.990307577350231,8.4413530749515,172.24310230999396
14928.043220535446,3243.1748295508673,0.15520530019318834,11.64212195608982,11.480210094052861,123.04419527651795
13519.405760863856,5915.551984550618,0.06575264303592249,10.738258359658017,5.9473957893917095,165.9639617618671
16108.822108678885,3168.1111609299196,0.18317320152003794,14.101817809828944,5.81258577262022,98.06266282457473
13166.68279235862,4470.776153578002,0.07606955716612776,8.928934475665244,6.631621987408277,175.53433507397858
13396.479599144444,4598.830977844957,0.019543823744518712,12.441718006896226,4.545815167232388,132.8370002019136
15705.540218468468,5459.488868583313,0.23831399282966464,10.729286912889467,4.716629708076286,117.33724947387822
16273.016989406087,8035.733973040129,0.24348622227705663,12.248848765401828,4.247772169597231,152.59299617367802
13431.422461263626,1816.7384166181266,0.09223983149070372,9.183242814481204,9.995541614740514,109.04733889795708
14861.112953237045,2026.4599501798923,0.21832687378602073,8.770108567776143,8.15665085926819,98.93111492490921
15782.613198785217,6734.134779041355,0.20197693456220583,12.408634315002875,4.711104822078885,175.3280079176332
14304.76299384623,3261.302882260102,0.12531471272000486,10.840859961480895,10.452426340626808,170.7933050201401
14757.174239708635,2112.737700859948,0.1980785117059528,9.266710737626516,8.849072298620065,97.14994311047553
13924.61794794638,2665.1296930183257,0.0748344389129503,11.764228218598806,8.300761215039667,126.03342557758306
15049.874498205243,5431.822264794916,0.16381003978790373,11.676301315545771,6.087326130639949,135.8661923237375
15731.111807897714,7379.967769126703,0.22516877333319854,11.331557509292836,5.0250696104218076,108.69597937838604
14844.723651591501,2290.5764485592977,0.09724922614069162,13.81040942753009,7.874685031394491,115.76385543713985
13542.846418997717,3716.9489644331397,0.1243313466675634,8.120556089044637,8.38817258748076,140.1523245335006
13991.989406097997,2893.2647821394476,0.017237370662467943,14.568844207203352,8.0180271954841,165.8670206066164
14389.179484829407,3141.9515069633812,0.17863093788046736,8.813816000874482,9.327988522321323,139.15542656619928
14808.710420232364,2676.7944238243845,0.09663850305766386,13.72385258700168,11.291117614854489,108.17936572778642
15046.265086479483,3117.2410092202495,0.21146999367851255,9.685298626422622,6.06848526403272,98.80523933648571
14700.990104917328,4218.002871848099,0.17539882745246402,10.036872639459423,7.126113934713831,116.50767745241498
16693.72452645969,5172.357277352768,0.22959469391822418,13.972256485931066,7.9635459549718215,144.3148851723976
13885.225027925113,3332.9652461011815,0.03961434146498627,13.212451948449136,7.260704656919856,134.21129891000734
15648.970898837159,2067.677760956254,0.19585378801205766,12.246715580075556,11.964003138868408,140.25703444246705
14175.663015724655,4404.896098287684,0.11534255145318528,10.832759157100782,6.598286922579041,128.20400399938427
12909.863019761642,3027.9270642064557,0.006320377884184936,11.28916440233261,7.4563422169409685,119.007101879917
12552.050398637673,8186.25958359147,0.03410476917102223,8.517359506535108,4.191407304301471,162.26817009065329
15833.285949932899,4016.825671902198,0.24973362075727926,10.676107228952782,8.26992312410553,92.44029871064909
13424.398105073396,4772.715723865899,0.016172307055660196,12.697567019779523,6.121151270711868,167.77860976049638
13700.021668779613,2716.874069114355,0.08436171658172417,10.538888808884007,11.260487303458033,148.7235489761508
13448.444847102224,4846.601743645109,0.04657883609204483,11.369265550237841,4.046800639312445,113.75781956555198
15668.02144558574,7644.659816200764,0.21846134165791292,11.403102500497367,5.176587791411748,156.473498281609
13822.170680658153,2628.6174251117964,0.05465355862156557,12.319091960328826,9.23576515124881,158.8929327202068
15756.62747492977,3818.0141954904066,0.2285571422768745,11.275988128215623,10.494900640664444,113.04230324658188
14113.255457195828,2219.9915124591707,0.07783793354544871,12.275959211352568,11.22203980045538,139.17932678817255
14384.76108068743,2021.4272839803036,0.18386908744332112,8.570538822336625,9.24476356695708,112.71755468544143
15233.219310767088,2990.457752793675,0.22566992463528773,9.720287979498455,6.525190471617107,90.626957595626
12412.805335176305,4205.076636141049,0.011896852710357092,9.057852711442807,4.3222595342826615,106.60530050549508
13650.178247753247,3963.2174903145806,0.13330955322579677,8.117466668601942,9.614473769391012,120.28920100954278
15777.765255304488,7097.232550780192,0.20644434491277477,12.217073112092429,5.54126501005649,172.2336119244385
12941.652077812449,2753.433956035344,0.028088234425581338,10.357731914699588,10.619989935865505,155.5281738543849
12865.746856127096,2623.2703611459815,0.02889947285090322,10.02545033040251,9.140704324029631,165.31838637232028
14280.889334845138,4107.992851071376,0.12771475705090557,10.653658895567567,9.556690785082278,149.3115730196889
16549.992591956052,1570.2056021971155,0.19991082060796028,14.693333173562234,10.808194490161426,103.82517559566183
13422.960883074924,2369.0862855940377,0.09421125608530556,9.059430013054728,10.379561190309762,127.23609885012274
16955.55395569489,6660.888197685141,0.23058223880513654,14.646625512370136,4.464739033047835,142.6900724861327
14450.44258675562,6788.785993886916,0.1873769885734696,8.652603777315987,5.780283726644713,175.10708795452865
15911.177458853508,6304.850598736444,0.24223083665063622,11.212233910935721,4.958951950611821,118.74349464826764
13704.117673633247,2792.8376724615346,0.08516279860597237,10.517143250436899,6.12408521367263,93.75649255701333
14265.141010055033,2615.6809596937223,0.05076786269808614,13.969927466653196,6.950122232019195,102.25798990889875
13108.65423023276,2506.737311576799,0.08516436845926134,8.269298982510238,9.259067104671006,129.89112446757161
16008.399823027989,2219.288608865091,0.1758408464683816,14.100118249640706,10.778648544130865,147.3114406769074
13060.436800829222,2318.5989937745126,0.02320289207216822,11.042976719584933,9.947774811873552,119.1287206658759
15232.711836831983,7333.941243416577,0.09891566813987163,14.918528256726582,4.249495904994996,108.04127884874443
13874.31432062586,2993.1465117589814,0.15279157048843664,8.078143850042025,7.289918920665851,105.44777870666769
14768.18264345131,8740.899715565225,0.15381924486667986,11.177313818129402,4.071459820691795,161.64018920415305
13499.99853661072,3121.421840310965,0.017121638214706858,12.918518653240099,11.605537545937356,165.12295040838256
14486.842969612271,3178.8083103929434,0.04390358980550804,14.970452260629239,10.131333177839839,129.01625579885888
15473.889831333156,2939.878199858548,0.1898882522740913,11.94731903797585,10.320337465991162,102.77797164057174
15831.752094198064,6019.440800077083,0.236585009426209,11.190321917254812,4.925855397167442,104.98500088923275
14810.377812955086,6149.412836988617,0.21805727442292355,8.60598831686492,7.6959811155605715,135.70429545889633
13607.364101335,2700.5913987859253,0.030423661784072353,12.679125281538402,8.505773458724313,112.9368518300792
14171.484318683843,2392.360087627724,0.08845198135714274,12.004018158839651,9.964460651527297,96.34733279881354
14613.00080271875,3573.1838044265132,0.09477907186624168,13.183598909041965,10.309769958021898,162.7157424118557
12908.640996261258,1743.664439968827,0.026511042898744452,10.30713348085976,11.279217131078145,133.4455236942498
13254.751086338501,2019.03626683692,0.0765225313852741,9.246909345237224,9.235877816312138,109.18180610868431
15382.919895703073,3649.9179250314683,0.18503087108401922,11.86047149224915,5.681504639522288,100.3985457089494
14469.031581157022,3043.368159485625,0.07097597160473487,13.745796243317695,9.969353826849128,97.8981813897225
13251.012119517784,1750.1961290562715,0.03708281764361418,11.09251455041349,9.794861792551334,99.91647199205259
15379.756783757295,2051.0903250643396,0.2456831053756557,9.386187321986164,9.943206858889443,98.37939739144299
14136.48460600742,2809.327976062989,0.02483760498412768,14.697249036747095,9.293161838304975,160.84550407677506
16103.914960475618,1707.2304385550422,0.20475670424585574,13.250299829631562,11.454076019345369,117.85546797515696
14449.075494108523,5045.503173024783,0.19627057674829435,8.263111363046532,4.23680671314659,97.75653406485365
17107.7090339889,3734.4788312502474,0.24122324059518827,14.661307651638406,10.223131480208604,179.09719602683646
16938.728083522914,2897.551479731131,0.22537592247097032,14.793644824820648,9.663788035446704,133.8324866135069
12605.517104693316,5309.229350979674,0.0427159615530989,8.308837149227159,5.258224266870231,151.87583270477924
13939.367948944506,3694.938477212882,0.010706190182961262,14.69013270718176,7.4884426797869965,130.4760894708573
14682.970694327016,4747.887563276293,0.1517281478064962,10.982969738317932,5.383892489186215,107.187796130765
14019.94514301621,1907.8576263434059,0.05246211120911404,13.089387611327435,11.221845317120184,126.99034357839321
13899.161586298482,6053.71762574566,0.10043437275871497,10.524921707373116,7.616916077041278,152.79291154891672
14976.614510810155,3521.877694931757,0.2173052307962048,9.207828158851601,11.223375209569298,144.95416327098835
13856.7205274453,2915.672362783466,0.11812114394143755,9.575761425585346,7.8086501034287625,138.07542606934996
13699.07794812208,7825.196356834547,0.0517652729619536,12.022409087698035,4.808461882393971,134.4007805759815
13569.529549892519,3297.892516576975,0.11512850176572359,8.646378987562318,7.782829130361081,119.02671786569537
16261.635854184555,2986.717392479466,0.1938173318735399,14.124100292044524,8.780838178520998,102.73938748180089
14223.708629357607,3919.5318537181374,0.18292163263588923,8.029837665611993,4.675097468602693,105.99224036600256
13239.866921627141,1505.0406347677363,0.09768823898523221,8.190865430747218,11.901944945761755,110.47231991183247
15748.680531032307,3874.679120275723,0.16611649618020427,13.729018437184077,6.216417674176894,134.60589869065777
15406.293139556074,3995.0104350383804,0.19446484518145335,11.55085001747313,6.085453742556298,100.41488989357934
15276.332523757424,5553.202276915246,0.17527321288128866,11.923739341620994,7.233337610942972,177.90716018435637
14956.82774282462,3333.0117639436576,0.23411126710914965,8.43847282404494,9.71784550893722,178.5207610743318
14917.300424493775,6718.970503920373,0.08722700421379478,14.454975382434121,5.556544360360833,167.05837542971653
17052.340719256616,2423.2979620767487,0.2289955564353065,14.962190700642001,7.597773159565563,99.02845844273165
14702.898862067554,2021.2228902742984,0.18204611156476236,9.76083697878721,11.578568962045878,110.59217709974688
15077.388489786244,3089.7784435731705,0.10338488433406101,14.268878551085823,11.406191055499026,126.4239260904227
13753.272522005227,4098.614165931226,0.0028196075578662827,14.435383968514545,7.975447636393577,121.71781545473043
15766.411304107398,2985.950042971515,0.19732168302336722,12.544238998750716,9.27550925664722,105.9905399835877
15354.883572888579,6997.203046904573,0.10777840733500396,14.916532185757351,6.158676855692992,167.49935058342757
15669.615582460508,9262.869385841504,0.19625896171405197,12.29347219338144,5.097647815023199,153.14574989463424
15045.802796825854,7972.314827731625,0.1951817497234041,10.360255869215806,7.2853119676003075,177.58003986039424
13698.84133028372,1892.6667916699073,0.015815003281650586,13.661525306055614,9.995750295545516,127.84520027189777
13582.02452763555,6316.944011839631,0.12657317440076254,8.167060126545778,5.991011507683651,176.74822155724527
14882.109085838714,3536.3579268678345,0.09606941173766051,13.975983045075711,8.430541510923202,124.29529020666732
15815.465791167448,4035.15244144249,0.17138018155054854,13.716431982500415,6.651723288524719,111.71024033189107
13931.129182170778,2889.773666283193,0.09772861463139049,10.75982220699724,11.287636118947663,117.44414153863383
14279.166736141404,2266.422231751247,0.18137454148701365,8.299387358651472,8.625865760122963,99.32164834729403
15221.778679334799,4350.9503691566,0.23966211209612648,9.108075813631956,6.493787203273633,148.7943971596875
14519.587818123737,11788.032667992584,0.20403144738267373,8.180348372009169,4.446857100109338,168.34537610454848
16119.316709047716,11021.923202907261,0.24754745881902954,11.636091122419653,4.74258214022633,151.72177388002746
14552.279008804424,1507.6276967897923,0.13184107883000926,11.39674157229101,10.205230879672788,95.98927509765898
14970.747733888407,4590.15518222641,0.21781081449002498,9.166819793089408,9.412265171549247,126.98335493556513
14249.845979837424,5838.343834450225,0.0984613424326728,11.829011990267217,8.219177192854023,169.12265475853656
15960.779116007894,6392.098829266453,0.20598421617667653,12.782989887606732,4.308754986361885,128.533548393173
14981.090438956855,11221.45893206854,0.19101174812033062,10.319773612230485,4.569091223761078,159.694474901315
15268.000445404612,3880.3276236229644,0.17895655659007562,11.74674832695583,5.2893962260941825,109.38917554500375
16458.352739140606,8998.442011199942,0.18766484182634954,14.906029021799856,4.164322488762833,168.95745538531003
15132.094746533196,3127.263005601876,0.1770246235437775,11.39315380832302,6.9168924932435,115.51986964386538
15938.906064440553,6663.089351085076,0.24466634945449683,11.201622347892794,6.758702066858561,166.8427430978145
14860.848003920184,7920.51665014484,0.07556688683307633,14.772271376906058,5.018316238602252,148.38553475870054
15374.918464913435,2167.7116805914657,0.14439970669236066,13.48683811329492,9.658345757400667,131.75335292377923
12687.755551425444,6390.524933375026,0.039834668092280395,8.785794870487488,4.1289090205220225,123.13687879153022
14571.1298077587,7178.253951518616,0.06616055914710223,14.276408930663711,5.61172255125105,147.84582330947399
14105.078591790367,4107.292043704649,0.08443983811744854,11.955807345182826,5.469998753348905,136.12791168682534
14224.642465223964,5727.011169604936,0.1001508631721651,11.669439562227158,4.653664788096393,94.41257475338885
14163.249375151396,6449.315921771696,0.17490620242064772,8.161641456045064,4.845441208074294,163.0777536095767
16704.119763235947,2594.2403527966762,0.2166230418261911,14.486169381794369,8.390614028166588,114.78960470895407
14076.584266285037,1531.690966653485,0.08404880235580897,11.87591378876315,11.379343144061716,99.71534495568399
15031.331089587502,4925.6003200912655,0.12426094160267176,13.260869524193534,4.8197982327595685,91.7894456281795
16154.391559042764,5259.087775991538,0.1835241907729667,14.21771332536107,6.240012962885636,177.90965908101856
13591.142877307251,4614.611361987748,0.05428583727362765,11.525499673796695,6.75920581571227,150.47739354273062
13062.628740088663,4203.784190515779,0.05065223692646231,9.738047843201192,7.972759809478769,155.53945813341136
15301.84812751928,9019.848284367057,0.15151417002282744,12.974183378923561,4.486514428988601,123.72172730786546
14730.806652342595,7818.252656359954,0.19498290211622982,9.307219983946831,4.640344096199017,173.3885826166113
14667.259045386825,6161.824824056536,0.1344504604599763,11.666580691849664,5.2608712998320355,179.88050694802115
14279.92429707334,4366.883064669048,0.10544853742556154,11.624711177893737,5.682531559123551,149.22715010030407
13396.432827110679,2673.546483981623,0.03477200355007723,11.731206236565447,10.970620617443892,114.70520822468777
15587.909224181452,4680.563288417188,0.2257041301167168,10.862989763346746,6.9146976509028235,143.6203604972966
16713.41188586215,3709.403579478847,0.2183245202565751,14.447856749202753,10.404299740862882,173.9010929911159
14740.403362404388,5112.809840539726,0.15045513947122038,11.227921143108444,5.62329595324263,108.09400079139736
15175.775912583164,3530.635804650786,0.149670571877819,12.659432865478575,10.526437252814642,176.69716279551952
12722.016234262035,3037.6507160297106,0.02957698789891819,9.427569261376505,7.249639182653733,141.12697880749215
13013.655145546845,2300.179311346862,0.03579070190653311,10.262533371305171,11.284317076891574,134.59840808465603
13879.189796104973,3353.7433570008993,0.013555878350984707,14.365370523528608,5.487514344528729,126.65098762138489
14840.806178272698,2353.3340115683113,0.18616345433548304,10.054312824438236,9.53110777304461,122.18714941426848
13977.724810453336,2192.56837005149,0.012134540319897691,14.750612323741642,11.15415093491785,127.95239989602955
16133.312022620881,2353.418231128989,0.1981805670234332,13.590201269372827,10.266821813587583,112.13276484743547
15448.403652700394,3533.835082053344,0.22798621650912768,10.326949661577933,9.634405038156512,170.39217938472962
14668.01651222795,3911.0245516705395,0.15926975327259935,10.611701855797616,7.9599711463170975,126.51517165709325
16071.71315569809,3663.6109160813535,0.20945539651027809,12.973935989374352,7.445206045507366,108.62180409048568
12874.079236329335,3001.552257202992,0.022538702073122863,10.366543187511386,9.180334475710902,153.2541095603424
14580.628376848357,4776.907819711069,0.08551932829847916,13.476512135652163,5.511326401427137,153.27379621976274
13963.509022900713,2261.1123470141415,0.058996409259131855,12.607364091073038,9.972357658658256,123.11872443470605
14389.647435971337,2609.4433486456123,0.08593731220105133,12.84089559810913,7.629207099275607,92.18820670547802
13174.923581936673,7666.606906662862,0.05068872725495052,10.164718639812053,4.606986609597388,121.0875993777837
13589.151737059414,3102.2908572831166,0.004615742208797791,13.802488968946077,11.285609493610519,153.5279606682327
13795.20475877802,3403.541370022872,0.032364855461489594,13.235531021392632,8.924626489898184,109.42042759072876
16508.13903621679,2565.275503811242,0.19247330027862636,14.860006464730823,11.19379198418267,156.51132210495058
14694.325159732702,6611.50571216798,0.17199653510260757,10.15889886595038,4.1204351731461815,165.8081150625567
13203.075797754886,1433.3630212592323,0.02985413119717026,11.257079658086665,11.965729864679485,115.85781728423238
15147.461037013421,2640.8199219669514,0.18763363350043655,11.004793684400614,9.561188987022016,148.76338078713786
15014.277045410654,6414.293936689104,0.09691076295696233,14.346106728530271,4.190786642337738,134.66870344894494
15049.572811310025,4208.8880433286,0.20589833654014772,9.92770810618019,10.122416641357665,157.72449194670816
12609.51883195487,4541.267244597308,0.04635141517996558,8.145076479949218,10.536157850262784,162.74660780185172
15454.984073237023,4798.809633962282,0.23112140112061758,10.221332651621754,4.112270813261601,116.79405307874268
13562.142780235303,1406.3222210429537,0.008260718557105584,13.542537826186942,11.001020769959766,110.89041157577806
13355.455333893098,6365.709216598543,0.082943875174402,9.329149160005564,4.4971920976405135,177.91370131746942
13996.383244844408,6664.5530804278405,0.163601241192865,8.048355821554955,6.792651547186233,178.37089864981436
14777.194223538221,3409.573937780356,0.0958248803059053,13.659563331669064,6.905349954811892,90.40381921864032
12238.704672096932,2161.3515417682893,0.012491319341041446,8.302826388996497,9.860777931799328,103.27917644785919
12898.740781950168,2652.599169268652,0.040572121158011204,9.587780597755858,10.958906070811928,103.96562639485981
16817.123178998194,2653.817941988409,0.23408928992428116,14.142980439446248,8.635179629580396,132.60306484394252
14532.856691389628,1978.2838503476494,0.2089541079206911,8.01599079113773,9.412613581322972,96.66259149567605
13784.418111983046,2548.4694743225855,0.09246654285672315,10.474296383467562,11.44399573791929,139.4784744344171
12771.631357339947,4656.412417397961,0.05110537509158761,8.570674433584403,6.381868958694787,179.5816112143121
15030.207039614537,4116.101346680414,0.14525795341614894,12.384395732811015,9.184816296660376,153.64575422217425
13770.116963619064,2502.1998992271137,0.09190924967654865,10.448151246898213,6.849678870141073,98.88546138432208
12500.04383482978,5027.7631087052905,0.026876421524356264,8.664524078891679,6.327727967608192,138.27449660525906
16248.208558156573,2137.9857231977467,0.19291306494764557,14.120966879846232,9.666650529313129,95.43319961452343
13778.871949485301,5122.278611088791,0.08537945001917194,10.775776144103176,5.061034002594884,149.24565951540507
14754.578257933563,6832.642467103497,0.2065911924152519,8.897246972354855,4.685541257850434,170.73677848676178
14068.062903305718,2443.2294427315055,0.02324302567025857,14.547744603121739,9.791133839332407,121.88702274484677
15031.846016593036,10812.675194977814,0.22890210665604263,8.912351034593092,4.093062179753827,137.91668365954578
15049.91920258555,4158.638898854428,0.14778340729823777,12.341900414105197,11.321402083567477,173.99242412763732
15340.165324164615,2595.5855301387996,0.18396944275928687,11.769540418082313,8.502246827522345,111.90425740681918
16322.10000181641,5709.525664745243,0.23013773090790515,12.903498026759596,4.105673051984103,118.20684314071498
14874.988839086662,2984.6142110454025,0.2195166595510689,8.767914433600437,8.793676901206469,110.44220592567024
14631.572413158063,4712.4302137994555,0.20936244360349154,8.349274845350148,6.671821878582321,136.1789806580253
15831.796473911505,6232.011064671398,0.1768295101540648,13.549082276369647,5.575321100831038,170.96552067946052
15942.72646975193,3299.6648130208696,0.15802452465804473,14.609380651064939,8.666615432971183,173.49684964479664
13792.682240691018,4206.767683344608,0.07939691201729657,11.096112132310038,6.665048103878591,178.6627708515432
14350.090788383008,5423.333226103984,0.03955274850041682,14.730799038179041,5.091599479461638,163.34262057798082
15001.669102249902,4888.4366992884625,0.09061042463228997,14.570180698573056,7.611053394766917,129.1324449636993
14467.613087674223,4478.8794377283275,0.09968223752815114,12.50134947918973,9.529828504546838,179.93924134006107
14173.682618165405,3374.0972483937903,0.07430618252384816,12.635133449252418,6.692526306590959,106.36070484866528
13402.182234572203,7722.451886948086,0.11257865893199395,8.124039255800376,6.394066356605538,164.10787870548256
12247.736862186131,2569.252293508684,0.018868183469315708,8.01559229783061,9.98371278413244,122.30080251840451
12913.718933015047,4805.634497875395,0.01673551996874348,10.799715631719899,5.302977171317575,120.20702322357933
15879.3773641117,4168.698624706149,0.24311448155216864,11.07975731748218,5.511506125078036,109.09486790239838
14590.32545851068,2538.366096768967,0.17964742164907282,9.475946089941205,10.548439210493559,126.40262877290564
13720.889631372762,5090.016954504588,0.011909315788728697,13.913866897658579,5.198435594050161,105.76244763102916
15897.153893887498,3532.3337213127493,0.17323549747853517,13.8813312359188,9.315769835519763,134.897028689986
16726.646945224806,8170.043463313223,0.24028756327903575,13.663369957384095,5.514890662993779,154.37048470440502
14529.991367119774,4159.371820660011,0.1440161129267852,10.79856928241881,6.894677722372267,104.00382929529812
16207.825471072452,2320.6000161179672,0.21790930295873884,13.042913483292411,11.59203560169827,135.53642694003798
13870.832655453272,3975.401798622585,0.021491853383925397,13.980348890990363,8.066839206061237,178.73941338537966
15523.154113474695,6460.811112074809,0.20219373094731366,11.6044492691843,4.318123833029962,147.6798272033435
14897.150720247997,2548.771886926285,0.1951006862972788,9.86832324402801,11.996150291402435,132.8439122942888
14860.002367750785,4262.092574650966,0.11763066380569978,13.000809615215672,7.8825423340688205,170.05016654727007
12852.774071102685,1650.7107510256676,0.0029704405156410207,11.235676144218562,9.987626833863526,114.16618558720306
14637.186090379862,4867.669941917302,0.1875442150975797,9.300562521407446,7.377996039258761,122.40876032648883
15067.695360973354,9218.943232653843,0.2470917174051481,8.279524324770119,5.597923738154196,142.4019556138726
14516.497543490943,5509.474484333581,0.16290428409782653,9.939743313958463,5.695338009640335,108.67295224980784
13415.268623813326,6989.42863853689,0.10630973760318937,8.466657945600359,5.115982453974446,147.6587886636874
13009.526242625583,2051.126126653238,0.026471456632353924,10.694389286280941,7.795424575915119,106.58849578053882
16796.84763472133,2302.723989424986,0.21935408876080334,14.635826496236266,11.125677631960333,131.3820612986131
14453.59224449204,2722.2181584061063,0.049710543990207134,14.615797568337697,10.483946784804882,128.48807340246861
16012.511090536207,3260.5479265168415,0.20950962683196855,12.797953056348902,7.1000410449730795,108.29604278422477
14934.049244109305,2050.03974304746,0.11799515254577331,13.218592076705693,9.321266792876804,107.79136500839152
16241.510369560217,4932.306773096937,0.23048543781427544,12.65642913106107,5.167096324971852,147.7936541870435
12667.375934123354,1259.4762920992432,0.03073883091516902,9.152111327647006,10.491682746419126,92.57355050117776
14782.924530791866,3339.730228553224,0.08657453496976503,14.06855489114294,7.732359256043028,174.44309860330355
12682.331394667208,1661.5824453252244,0.01470969110419007,10.001881961897212,10.69118525876842,104.98152922998497
14317.134117281585,4728.971096678345,0.08232946217227963,12.759516497827772,7.745328539157191,116.35522185260086
14001.72410583446,2348.3566592266775,0.055180126881507946,12.907035092650396,8.257454071677406,115.51424472469006
14610.414143903923,7138.324452223414,0.09436103733701784,13.193190148084746,6.524896000086216,146.18004221530185
14785.14755465547,3081.4774066355117,0.19805331859724384,9.36376228631411,8.189703831010178,148.14252835030135
15310.441721925159,3804.819876540203,0.21255903074934307,10.509012848689416,8.216302138805583,175.66670498314147
14901.019300165404,4239.500554389179,0.0978741493804278,13.958705191879044,7.542626699485657,115.83913787298201
15278.118461566697,4684.969626190097,0.14814900512481302,13.038784702110206,6.636072454995348,107.78041181663676
13023.393226168713,5367.948685929641,0.0725887751654124,8.53404445362072,7.109802454615026,166.71473353255544
13204.546611674386,3306.5088457059173,0.03722429243397676,10.913718647715271,8.73380262905788,141.97208034653545
15073.173487184053,2743.493747832139,0.1567027782106482,12.045647916825008,6.521035874981106,102.55795307096356
16184.97523721669,3602.665084958974,0.20357091436436353,13.53022268301171,7.7061429866995175,137.35937939584304
16716.941734929133,3317.706683998388,0.24459684882248656,13.475382110004867,8.434586020758427,99.11705411804662
13363.6835922566,5768.963688785838,0.012833578246198157,12.638783039462844,5.778789388923032,129.07333614925128
13442.994869188176,2326.6683353703606,0.019234532636744406,12.62065600056295,10.506851868322556,149.25025590489668
16623.617087789502,4485.084655279515,0.23630585660415337,13.525861648779673,9.698061932659051,128.17493273375737
17023.21112347254,6974.914596245206,0.23344326058456255,14.721853776334159,5.411376618926501,172.50359876494912
13603.105606454692,4109.736278297438,0.012443553344314517,13.490283063991477,5.952564787915609,144.16565917310237
14552.91132229319,4730.150659998704,0.09792575807128207,12.855173947795809,6.441817918546487,127.69241461134366
15408.7113552078,6303.487869162749,0.15622507771121114,13.109268099900973,4.307049641087104,130.04732035973612
15849.372106707382,3072.5856605536665,0.15176116598913983,14.588973803384253,10.751677056446583,98.75966987307297
12863.19481931702,3376.616344304953,0.039634976562701235,9.493999180506187,7.424302214167293,103.42290661816939
12385.344984149748,1771.5745949711732,0.010339496932743442,9.023481712804514,8.681083553504475,104.73850758185971
12535.483202429321,4592.644283305101,0.017642105536827934,9.269991482650784,5.21337734583442,168.1609771273175
13141.540839130792,5229.065716130174,0.005281665838895111,12.19730083053237,4.133714908627065,142.59342297923473
13329.758668713948,4673.7646326052345,0.03880339187408574,11.300778473018124,4.350194252520088,95.26681986658886
13854.722882883243,2264.9270305808986,0.013380184553964392,14.292705962325648,9.663190205999445,152.45329523020413
13586.936053248395,4185.025008179559,0.026666629427025607,12.780774298756235,6.399818436570464,145.1942992281001
13297.180336175676,4343.460604817251,0.0711263250207502,9.662449185811912,4.786258893324933,124.69211218865844
15605.643048698554,9327.308751226006,0.16233211022530353,13.456449109946966,4.847916954020377,146.53644933686132
13709.223125335351,3651.435539423183,0.09831235238839839,9.936181679195654,9.057761962112789,160.57025440069617
14455.965012956456,2343.95706758733,0.0691350612848585,13.783566275839988,8.763265481558498,123.95366503487384
13718.365034355158,2976.212899946979,0.056577550388665215,11.870652872769206,8.669456554688736,139.73044840023132
13865.371444164828,2631.0608194615647,0.12763276372232113,9.178541552332142,7.206180349842201,119.73269620309702
13007.828131099408,3217.97162584717,0.05829618350884053,9.159081672080482,9.489519202304308,152.9066388064082
15383.27782622389,5288.896866997588,0.22280997783872136,10.32692601454209,6.233046978107783,133.08607077549493
13650.20403652629,5198.661898009705,0.022060849264882193,13.21048362662895,4.527756786862945,147.8739972291339
13859.469802011094,6501.046536558685,0.11559249559298576,9.69977655671404,4.820835459455218,137.30879277192804
15043.39625990704,1627.1872523482707,0.16865527501434735,11.454220954656641,11.663616424495316,109.74411067976015
15547.030422619782,3662.664574624894,0.13726456190584638,14.28854926468067,5.853018795828627,124.15820138446126
12787.412969783043,3411.008236757239,0.028653913135764597,9.731313409375907,7.4006910619423385,135.23483986945928
13243.853520760034,4767.348522825383,0.04490408791544634,10.697038596375155,4.017401031407279,115.33576487047816
15247.18757611552,3576.453415089468,0.17814520128310618,11.714134299391134,10.05869538131453,112.87863635722698
13421.244287089668,3860.1272961755412,0.018725668416493285,12.567565636063858,8.945078461049903,156.5503822966508
14720.01339197754,2732.6725839355186,0.13731823584823516,11.718056417623718,7.371927799580141,114.04720481721066
16737.210080394794,6831.059831183602,0.23709591078707506,13.811777347541831,4.619287572232767,163.61752697637158
15283.775130665463,3471.402798549344,0.11906337859324978,14.24537597796667,11.154722488559113,156.91191448593167
14224.233497446972,7194.021269229575,0.07957534188544374,12.571976075374527,6.38829183690801,149.59630231378105
15242.630222804799,5828.532734060626,0.10429331375401682,14.727395982975352,5.120924483051039,103.9687532164679
13519.428274566515,3299.2588311139507,0.045078429699098616,11.693952437001867,7.321894273452692,159.96405459482304
16486.473932259905,2903.3878968557215,0.20589771569440282,14.291850530647034,9.26056677394141,154.44204534219134
14653.278392243574,2110.150199958761,0.1740555216317665,9.931476856167585,8.030151345073536,91.17587018124462
15689.617690645087,2914.6093373257704,0.1580632244537451,13.875586622482112,8.705487697552627,138.86791186519787
14401.944232956233,1925.4307258555289,0.08837528087380964,12.775377904402118,11.094612872839825,91.46822535935107
15481.259540382045,4460.995771658846,0.12862156729815244,14.443222088853108,10.650022217684382,175.1718523777175
15526.239617474808,2247.384090087013,0.16657483521899596,13.047657334025686,11.430940162078361,159.11322163865321
14376.780924900508,3983.3846521341616,0.1526500631021008,9.898956654778228,11.73996390001092,175.98814929697795
14835.21034123144,5213.724758646696,0.07422041979043059,14.750827449194867,6.4058743240277,174.6859712229342
15913.993315403057,5018.759523009229,0.21689140518531744,12.215879265188594,7.618284459414198,116.829885344785
14635.70105970464,6304.925736229452,0.15164316343804612,10.828285632782828,8.229703602702848,162.2863506854397
14683.774468309231,2184.610758991945,0.19798206160587553,9.017214934214039,8.407932168397618,95.78906870371375
13781.22268804366,3913.082279973068,0.09734638602250589,10.241539635482493,5.932573442442787,116.16023272746037
15554.28782851216,4029.5933652463623,0.13873901518610599,14.250640733948938,7.418983403471549,134.40422986665686
13586.006804965204,2359.673495229794,0.027242896473202077,12.751038702619581,8.670355366129314,113.27605195815916
15196.704308911609,6862.951474721319,0.19929726285550795,10.683939589964826,4.509754139732543,107.8896431671432
13868.02459538765,9770.9162090906,0.12414359799024799,9.34548809783175,4.537872797131048,161.66886131650875
15631.793470930723,4950.688743876076,0.1269320928309689,14.949472026018023,6.772820100597131,124.09981584112725
12995.211011928164,5513.245566284761,0.03676867372093234,10.144913144933986,4.607582401224578,156.12774999246915
13864.99559684566,3330.154790836671,0.10108196686261436,10.37381838121524,11.37352907938553,177.35356211481138
12767.312918677875,4510.260484113822,0.05663610763553248,8.282575243401881,5.3119275816924585,131.54504193036774
14577.846421236896,2011.8437725912486,0.0623893489235742,14.459134085636052,7.699120999287972,96.89487327344298
13802.789847211676,2936.7537578623915,0.007210746142814639,14.400044210150577,11.585929177943843,179.1473749363361
14622.384443616525,6735.525528129539,0.15276269932194567,10.735660555016686,5.845713945366439,165.48160828215484
14594.37952371476,8167.926548760594,0.13030067174231416,11.60290474117545,4.571325356971408,141.74271393799086
14557.584754056657,4500.849384532725,0.12711324523755627,11.617403354064772,5.96057306209934,151.56438881267042
16625.20231337368,9210.57776140718,0.24039959287743579,13.376419480028504,4.0139663384928115,137.0795119922484
13860.003309188165,10742.846220893776,0.12998856812804815,9.052642588729018,4.868973560401406,171.786775586768
13724.750809833711,1573.9122069275147,0.10947846430385844,9.484418654430886,10.975288108809902,112.32893801392292
14069.872424698535,5539.193563804489,0.10748096397142348,10.812238667040038,5.03849498323031,164.15523252205415
13972.39978719071,4505.619214756852,0.16157126319881346,8.049970034085915,5.018931517785868,108.45462735374093
15513.490000679656,5226.177793180757,0.19083922363190745,12.031673475610113,5.207101626459012,138.18049938829455
15849.119412393222,4584.350417216886,0.21518381491942246,12.08761546913055,5.019108499082386,128.5513736346518
15372.719033102165,4575.248629797032,0.18722710959592906,11.73925054938649,5.355326658129245,137.35704412530401
15031.726486738802,2997.9924484723506,0.15187294569938772,12.114209649741458,9.931823688176616,176.26641460282008
14542.448095552076,6976.407582868178,0.07936893338226778,13.618655030048505,5.464510350428601,170.3351023027653
13449.04128544793,3427.591464971397,0.041343228486469985,11.614691193327142,7.792749918490973,172.68415712760026
13593.066506960125,2153.9474905391808,0.0006898675856851777,13.996274091675126,10.058538943608045,120.14126385191915
13991.774970075574,4516.635878675837,0.10717484449579409,10.551360778400019,6.007189570068902,136.3369206900461
13291.618003501746,1402.0351118018004,0.01006033630460812,12.512379059838606,10.99685714727767,97.05330965319475
15576.11862869443,5098.982747480294,0.2421310375295583,10.166761178690276,5.2824607119363165,145.86215652195062
14922.986695301357,1872.2533749216545,0.23082695973917652,8.45907658014032,11.371497757842427,122.66107220553718
14433.157238683298,6001.278445460375,0.12489069323366006,11.296527462900894,5.053290220378851,97.84472339084128
13517.148907996128,3553.4628069415326,0.04022806808842053,11.91003992301012,8.727611831605149,118.9520868269573
13497.438625236426,4063.745429852701,0.07470826155652907,10.243459976322534,6.148820458237247,155.2749197432661
13359.691852744203,2221.245358787549,0.004771717176786927,13.00172615892377,6.479347951815898,90.29807511441771
13887.652572601255,3639.527047821451,0.14476940460973556,8.48898384614093,9.832357836271822,114.61176028588648
12245.99872033318,4294.615553983366,0.013577251182070926,8.27820464962755,4.485553611016709,137.5189943594929
12403.985385402333,2364.918141990312,0.0028807197112343252,9.47585383316984,6.080064937606,102.59238885362171
16933.661040742078,5379.050540552215,0.23365517495775756,14.474589634775278,5.318714945298297,154.11614071191704
15453.650647478124,3886.2543246200376,0.11795060164289181,14.793334876960776,5.761779215267087,128.0674561394519
12603.425078325074,7194.181023438525,0.04709090436041674,8.0833394234392,7.3313221720859865,172.72130015240998
15556.703275035472,2535.209480489559,0.21663173687885054,11.128854383057273,9.519009574515593,94.99439048546398
15444.423771484846,1598.951281787463,0.1294749386600709,14.300038292697474,10.786360314743035,101.18881688739654
14884.90323068226,2486.1006224856433,0.2253285854653065,8.558041314129236,8.978127326693714,112.48775759527096
12281.05349812584,5230.553359947124,0.012976161428711303,8.456423675805938,7.241859495395122,171.28371218097334
15255.182717088097,4631.1489406276305,0.12164151026677789,14.05401077209548,4.961750639939196,116.07983454813092
14240.267059318461,7990.790957144969,0.16802717853030283,8.743876079688748,5.251212861794139,173.4147100604322
13883.058163877433,2232.7157625477143,0.1309023090933565,9.096119078619061,8.550056205848051,118.76702033135686
15383.160147553965,5382.818422053167,0.18313488242228707,11.938242903665726,8.736750773831094,142.14924658082634
15813.444340755343,2128.7200252137095,0.14350317397776366,14.81213249196657,10.604413184820022,134.1960628479424
16215.395679244051,3338.71048994069,0.21353209307172716,13.233522216948494,9.181966144724834,134.90431104863353
14041.458872231582,1749.742379589049,0.02430142554576381,14.414524262071856,11.58831026873683,95.70321438188553
14305.374460189625,2380.5514147154854,0.14772774256815155,9.86389449721843,10.990027150159076,155.99331525473372
13792.723202282517,2298.5026826773924,0.13869566984082712,8.4096356444078,11.770988314827841,152.76434641400346
13241.230199616086,1628.8105065887423,0.04505258591672928,10.680262663253728,11.520700000972102,95.28418282215826
13363.762990575062,3302.5510134133415,0.029581605064210537,11.85591284535575,6.287492994712154,136.96519427635718
12716.208048392173,1379.7860371267632,0.0489765041985572,8.451137958526393,10.483560963169833,93.13648527953204
13989.668399063185,2906.2896778629038,0.11177656696431257,10.338361717266057,7.573387226075904,115.66928164531869
13142.314204688975,1869.481262762158,0.0640167460287614,9.407334182312825,11.262859057844462,133.15707952619326
15023.631981250595,4004.2490158874616,0.19795753206869726,10.171543732975966,10.417716293669525,156.52066343177103
12811.989669060784,2865.8520784162733,0.003501100229722026,11.054561935816775,8.416525540490886,169.779619262579
14364.664530627955,3779.232817556721,0.0463926454033054,14.479173665834736,4.115138112359034,108.50644139810476
14616.476831194068,2743.2266974309714,0.07367055443955126,14.097188459646418,8.401622398420184,122.8945884031621
13497.12486039281,4551.1101993477105,0.05507887109747686,11.151120406961645,4.444664312152369,103.78993574456864
13631.728417740534,1712.0408076492201,0.01838880769087653,13.315400310531766,11.873296705470178,106.30753919574292
14626.106298408766,3028.528627702404,0.1435510643346677,11.141763922051823,5.988717476088604,115.37511801720298
14777.171208398657,3913.156642899049,0.10163492991332224,13.413794367654056,5.501850210919586,132.03076380238707
13390.773996431551,6752.907113126364,0.012848087950095316,12.733920735554406,4.3249780565460325,157.0291494051665
13880.706882217908,6050.524670115575,0.08165097120380724,11.304760313498473,5.007497899460808,132.98368526635088
15432.128019527736,7959.261745711914,0.13390093333569686,14.084402305910258,5.943312419174991,157.59222757748213
13473.585088969088,2971.580354986343,0.04687557366123635,11.446242608105113,10.441292451663408,166.50106263040695
14201.024522627387,5919.9798645184155,0.045166620160872945,14.008581952084135,7.3383628476387,159.42715059454207
13064.995764031386,4992.555908714809,0.0025112540132783967,12.049744015301037,4.90318586451032,92.4515060644179
15670.28013909556,3239.5813201148167,0.22827789064258788,11.018642116231824,11.774877484960854,140.74337664543998
15164.82938203975,3214.50192912918,0.09280682577587712,14.968458151464631,8.009545613498542,164.29986807859177
15276.1277200073,1978.3990888779492,0.1401533333323786,13.359743822424633,7.769326257521311,98.35402122602468
16479.27756120019,10583.478631177924,0.23419222112668364,13.198951502685304,4.4177301048870055,145.05935822606764
14676.44083917969,2610.7103472295257,0.1414259700730751,11.399812151300043,11.95619507838055,164.90196152437335
13465.403821334741,2038.6792002236032,0.00817580887240707,13.212715826842377,7.9438647272677985,106.92498181625484
14995.427299504996,4663.192869116191,0.18206074273280554,10.740284948999534,9.74538388721037,154.10333230362647
14160.50799538254,6853.448204635319,0.11184967609539717,10.93427877752459,4.647554190609279,99.05575887189738
15954.258778211279,6031.203141571374,0.1635710850091334,14.424941477268426,5.749672132859921,145.29114905766772
14798.63624008749,2805.209169280121,0.22954188598759,8.080251543101015,10.327303408887937,102.8841297450351
12486.99641317826,5835.039295580314,0.007543355340427743,9.57839069814231,4.585362262905762,136.04638545192796
13273.960315379973,8881.06728728366,0.049648729550171994,10.585498764251419,5.888246611735181,176.45987585358142
13170.06742283465,3398.464049771191,0.09422034428628512,8.080830905006524,10.285984564983679,157.2429352169623
14410.303421128288,1552.5016784517288,0.09754585269019603,12.405091711409774,11.635572713834286,108.06488496414522
14287.345905072194,3820.8158976949608,0.12438909369121445,10.821416937223233,8.234798473341773,111.00110943132954
14742.910632690713,5299.354208422,0.11652318252790053,12.67447303585785,7.814570584859144,174.32111276182945
13678.66230571907,4590.225099962331,0.06545843591170666,11.325238635820646,6.53033904653863,118.30959365006366
15688.011153810761,2366.4645741922964,0.21042539276086544,11.785120787444198,9.553011204015792,90.06924687410036
13083.747811156072,5415.419677209343,0.008851715966258694,11.815637312200494,6.247219288799583,137.97352444885192
13500.501334166494,3967.8138862171486,0.07044531482734509,10.452067622004446,5.467395677569785,139.51619089920575
15228.96080035446,7796.107180818362,0.19572335195384255,10.935046820665214,7.325490580915517,168.2281041585186
13832.378826355509,3728.135634154798,0.022092901914168406,13.825261511060994,8.182985272625736,173.92293949616968
16109.390406642886,3367.89313183199,0.20615953348958274,13.211772401599191,11.683706882603087,148.35282862745976
15510.788176236434,5256.237869092371,0.15306118135514768,13.545324445016089,7.305114009634108,137.87753950869583
16616.118465865165,6931.4134379019315,0.20034551298284883,14.857288637313005,4.815612285476424,171.39685372093714
15757.234924262715,3485.6445334714535,0.19864583505406191,12.464089435531132,10.020734483694486,177.19288592472356
13587.647720464376,2432.4081566661657,0.011502784887172823,13.480637897700475,7.4279931718770325,122.87519606236614
14436.1558746114,7646.8223583474255,0.182310821662631,8.821088055992947,6.822515610661315,175.98860293568646
14394.5488929336,1932.9437436217504,0.18510182922808108,8.551992969886978,11.849813427871222,123.7384750919577
14862.074045952551,5965.17895130954,0.22149984530664538,8.640008613468897,6.434923490673144,174.07698578302052
14933.536187761945,2556.498295138966,0.11382899243503941,13.391319718172934,11.40060525512892,156.58663741777997
13541.209620318734,2644.892545612867,0.05761426499988859,11.193149291857694,6.150017384735667,106.45250198044234
16122.762778491882,3522.6482465615736,0.1650690422053887,14.843201387514656,5.577027193350831,95.92224628287372
15925.53337504875,2587.540097322456,0.23249864545200832,11.638093761949442,10.964329553170717,114.33255833345581
15887.348941889928,6212.281395616622,0.14987533787010396,14.771699203610236,8.26432128875718,171.53111821037035
12967.703842552839,3194.4007234313,0.01626343469208877,11.027287090221867,8.558551774846482,169.30070150186992
14025.560334569755,2791.0475713527135,0.04993685852515764,13.22067962148489,5.398805712050645,101.67900283205893
14030.883620198007,3070.156043313323,0.15902297543121321,8.380003663884784,10.225477302645078,146.80352170573462
13252.111979108939,1984.455781809237,0.00914594142962788,12.413931265199547,11.57422020780854,149.6406321794532
14812.88950744022,2992.206442904106,0.09719921916337351,13.713253724494496,9.56209609743075,163.35116692552626
13978.261933197035,2915.52478128281,0.0369004383338504,13.64518732136775,9.565149006041702,130.02806098004146
14933.443969276314,4649.122871795027,0.1523107029843756,11.780737288661832,6.426991225147982,162.48656596310224
14313.122583971384,2523.410890028175,0.1425639433338463,10.116482428815099,9.86054848495828,131.67400990579105
13573.507044349863,3214.816236971956,0.045995068011645546,11.844210125053742,4.885229955708601,98.5259197064057
13150.592054499944,7689.957515105734,0.08597998442611998,8.395513386295729,4.11118855891758,115.40754147249898
14065.374835739116,3129.1850887597193,0.10546475488836049,10.886086961877655,9.317324357741075,133.28746263429366
15822.835364566576,2807.671459300344,0.19608706802016435,12.762225112713159,11.424222957264853,126.23459004260073
13082.233435291444,2451.9681057506505,0.01547868366958094,11.493508418978141,11.334417946889971,170.11396554330105
14138.227607978311,1743.3113955397764,0.15770126573473273,8.830345363303953,10.330041140942008,113.3709753462197
13943.78392219004,1626.6478595013741,0.1107210552677807,10.222244858150377,10.201475019441475,98.91973491879898
14582.066488657116,3029.0661059226272,0.07192681276899346,14.063594713504855,10.323009270404278,136.25922761886937
13499.678471451978,4747.190053951222,0.06877905988965147,10.526178466810107,5.982169813225557,117.37927347259868
15404.53645537356,2237.581596879802,0.24176971421755863,9.626355156889968,11.797551501189023,93.62567243683242
15604.349261992511,2457.7475814373743,0.20962045501123,11.558854260019553,9.419288806856654,112.518115806294
13804.213754767276,3400.524309429421,0.006525549134745873,14.435765922137609,9.275478127040284,143.7843119167208
14192.47789136631,3837.4960067376783,0.030752478223010665,14.615546741704657,7.244642259722031,147.8901354405118
12827.723127164201,1734.113506162572,0.05639716736638481,8.537770518411888,9.93192309457337,109.98500316975783
16187.798964732629,8476.099719921436,0.2208257827179986,12.872235779103189,4.590520468568571,162.9649313881493
13929.826897474524,2779.1940431279404,0.09295022082739193,10.969580481879259,8.58838276657267,122.32380655426911
14480.444798656747,5812.826971112111,0.18481202177830497,8.869681692629491,6.528127801259892,161.41439006261004
16293.2794506816,5163.138341256573,0.23651530461630613,12.57559001768184,4.129771265501556,102.06309647982981
14188.727479285746,4732.368412009204,0.1587929019594724,8.964388168561202,6.753143159298709,122.57023673194436
15737.23058322446,2739.898459412121,0.19824359393262414,12.41963664304123,9.16617170240807,149.30380532872113
16895.08475116709,3752.0400182029834,0.24938483648613724,13.788847205926007,7.422921225992824,117.99940981771972
14729.593294855811,5107.818252143792,0.09496876998770246,13.54612747978456,7.209289451168128,165.21376993699192
13457.752181961228,3796.7802071140927,0.10592611084276393,8.64715230278544,4.7608554481924985,100.31891684048716
15065.107367901499,3839.5501908482115,0.212609201356065,9.700974066881635,8.41060108338166,126.83875200758618
14113.86932815706,2435.8709670276326,0.15401382043672185,8.905298731159853,11.597262127305136,115.42560031062004
13082.048034076193,2051.414855578276,0.030919042993873547,10.755269035209471,10.388685479269913,114.58303398425177
12945.38776007008,5984.148187018139,0.0678495405175775,8.45269692960775,5.295600494674961,128.6111159429597
15925.102114297402,3444.1330362065355,0.234137107493929,11.572490884847722,11.612228160694748,113.49293329202536
16292.39678040064,8470.969631673075,0.24691676891014405,12.174068893558795,4.108363039198938,112.4673692026864
12637.067580282572,4491.358578856366,0.041595626935178126,8.493292802396972,5.125047723241211,143.45934594797595
12701.128658596346,3847.335748782945,0.01661758245113465,9.98200855952676,6.198014499621784,110.18183285530563
14182.398188964278,10058.285339199389,0.12163702946341953,10.57876309821109,5.533831494276639,172.85914226830243
14632.867751091693,6117.94244362226,0.11218852336745841,12.503685855817954,6.03991492914377,116.3533223295565
14087.7178051954,5177.00875287,0.09707358642156971,11.336195135274355,4.238796658943658,145.3401432898092
16192.844770454925,3592.132951928661,0.208387311664511,13.366936109371917,9.949652146293428,156.2285366188347
14005.231147055161,6525.77853334374,0.15433941131161694,8.494431014320247,4.795086587054852,103.61057680920109
13065.22095756454,5849.202894891695,0.032547440355630425,10.613960184650614,5.753102171938482,139.8642160403142
12973.445619803459,2873.106658021925,0.055756920436467156,9.146652328500542,5.525641322977842,98.84650647324705
13522.235070025929,2326.822208245293,0.01436559057357259,13.123306157908466,9.798966894165812,157.14750589135838
14903.314366045315,3641.0779894302595,0.22012236788995035,8.839889585286823,9.660866230913111,159.1374604440761
16200.055635553625,8118.942458011893,0.17509143222291754,14.672047677362633,5.089934208164045,125.18984527701394
15857.069247714238,9256.200973690184,0.18713617188471615,13.216946775508038,4.041880286455212,141.23616441775394
13713.83407894324,5024.978560406353,0.11912570003656589,9.00460911055741,5.483253787006885,179.3674982403611
17026.747769996666,3695.3184637237105,0.2437042408914528,14.35466914954026,9.713547271675626,145.1640910716382
13963.219478946554,3343.884338128316,0.09472684666905257,11.007325194837454,7.97060907655682,157.87489151715852
15704.114261923558,2877.550324617003,0.2398749523107843,10.662699112656217,7.726246903035114,98.46937061792028
17205.373229366174,5085.967942041946,0.2445103472824955,14.799279197579008,4.31917769276815,116.29673174359357
15444.232001952709,3958.3039408789814,0.22022146674904125,10.627707784183446,11.42093658820858,160.0178512814889
15102.372624464646,3280.5443469942543,0.10409309170809666,14.315228439056753,7.372288420687925,155.78300926033324
15065.640467271742,2137.3662362696887,0.1045814795837865,14.183584909220878,6.990615378101348,93.61156372045475
14834.182066647783,4666.836579293259,0.1461852278356744,11.716121483344216,4.712966628860081,110.2047732930962
13860.497405883041,4470.020454591843,0.14095184567331706,8.560179318921083,5.471970745605396,113.40222874664863
15280.567257031087,3239.68123080956,0.16382871590775258,12.405086867824817,8.734863462129184,98.79423113793364
13872.034038880684,3037.1042452738825,0.014266202591030785,14.309831993541962,9.633299454880845,152.42101289679027
13527.498109353364,4271.815436421618,0.041914238616434174,11.868938730302533,6.895480373450525,140.87156097358758
13472.063988141037,4609.29533119019,0.1033067839946043,8.823203347591516,8.280477821501137,152.49985832823404
12882.728475693972,2416.3732482050655,0.06535106236427937,8.323173388840067,10.506366204486234,108.7573694141535
15460.85809922737,2274.3679634011423,0.20112430154747254,11.452674844925873,11.051362018326977,106.58812955874131
13659.03214609286,2784.160054329312,0.08033050987574536,10.574888151563714,9.950901668559801,126.31193975782398
14647.51595939285,2990.547859992058,0.12865050747501164,11.84887394180831,11.096788537195998,156.21841360849942
13096.952436288237,8304.524650431089,0.03049796284003098,10.831400984666834,4.814180321534907,178.22958107353242
13486.810536659668,2644.3879424930683,0.10875510522786111,8.626716704242073,8.129109704940081,126.8281870921645
14562.949389886917,2552.5358672094453,0.2063311510317589,8.235961786195425,6.380370682890983,93.01610591514968
16695.05738130093,3616.99195473592,0.2047122194659006,14.90728901306239,6.479638377261182,92.16402929174036
14184.453453797047,6750.938372301927,0.15519757161508071,9.107403661966291,4.1476601935689805,173.14803160995984
14785.173710445952,3156.914186331045,0.15733797633704125,11.084700235947178,5.79921480977334,98.51386189352051
15439.693503937002,5127.954080978891,0.14527205391624304,13.64667040308922,9.493904015656229,153.67884080073634
16009.551849599176,3950.1355082766304,0.19994243536220208,13.162664172785039,9.195595312195024,164.64094835460907
14301.983620787565,2382.3011833609967,0.1113614040726085,11.44097248320529,11.815749334321909,156.25040384977186
14044.97139868367,2285.256830129713,0.0683058511256068,12.468043112522068,10.605242770866266,106.55130749167115
14246.438293872878,3326.19382483388,0.14591496305193732,9.736001279667482,10.149269524723518,101.30301532380385
15870.318049492365,3763.8584742123976,0.1596706401478058,14.337469174734078,9.163634143953809,134.09117857928106
14887.118752235061,6103.863602559597,0.11158524628159358,13.340179058181597,5.953661302924137,160.28337048187643
13695.608740316282,2672.3204329771274,0.013292339229854871,13.765691614855243,6.573690930793223,125.93477129219686
14748.207780422792,4114.493977616165,0.12930937757505812,12.149703460074807,6.313266123701343,152.69421437103068
12265.472433983163,2422.865350432658,0.015788129492097847,8.247682892866337,11.60168446797087,176.80962974219744
15020.690030495944,4703.846488157286,0.12307911755926218,13.276925292105663,5.589764773457727,120.75901439463853
15570.626409037202,3912.9082082389623,0.15466364193487817,13.659538674719581,9.568306432657758,178.74275404110043
15805.063658129404,2768.3508825268236,0.1401506642241262,14.92072301976048,11.24748928989932,149.18748618870933
15702.769601519814,3505.5678852461365,0.2138794687875214,11.692979243670905,8.892723858523752,94.48550815116066
14401.639229173254,3281.114289228324,0.0945300129884783,12.5073181743699,5.713943182759799,100.1250250558671
13725.771799240267,1927.3963737669865,0.028369026414299003,13.180889322867953,10.255853891235095,117.9070811723968
14596.954507503187,2637.6309509717275,0.21218739832606764,8.105843528910885,9.792585463739996,103.03790585850776
13105.508227431079,3558.8676127647427,0.03807747739953446,10.502091589608995,4.251642420443999,98.77732719542983
14455.986573354194,7349.593740362908,0.1368875701673939,10.854842782757455,5.406713080618499,170.27011604074983
13238.276620543396,5089.089433453079,0.033089274285072884,11.233976048189556,8.479109904253438,178.4862251662124
13350.173728919706,1408.0178894327316,0.014888755012355537,12.494655718224745,11.004370647842936,91.18639707017049
15733.038575452398,6166.6862344505225,0.13435498928474346,14.944550720636027,5.517039731147594,138.42064273501055
14318.303682173078,7861.529143071741,0.15564336274817048,9.563701463562165,4.963863256797346,161.49600293896043
12687.159516149586,2869.569957531975,0.008582133768759409,10.322719047767855,5.772643766101735,97.15275959827761
15976.285982894879,6128.435029466162,0.19781566677282159,13.148326323058825,5.023796901252778,177.6730394887233
15473.779191309499,3024.9865275228262,0.2202274367464348,10.721743106394884,10.508696966904335,109.22812839458359
15922.967648656359,2251.292026813436,0.17512155364213847,13.882078481295334,8.170886114213594,109.73114074251993
13032.042197934328,6978.163347168089,0.026300077250241166,10.787794294394818,4.732179340531414,174.55649788736235
14502.849891804459,5961.504653135998,0.16417348780968619,9.837947382278813,4.541662442173175,125.54222197651865
15420.996917455112,6089.377093491267,0.23917973928580666,9.785077085916317,5.285308374269587,119.29364660893688
13904.122201143127,4689.577908913039,0.019913424577915617,14.161470313906399,5.056327891373134,163.2180483908382
15503.923284292396,6351.046093917299,0.12154966216293728,14.794857275690191,5.071517761215801,144.1184753213501
14922.165230595221,3210.292093558922,0.1577092299686038,11.518215382944415,9.773504380398819,99.57581411323443
12455.388027049537,1822.4035268600387,0.02433106411832936,8.60817643600542,9.233444945268944,90.18710044635142
15568.4306077188,9681.018262550673,0.21328874136129033,11.299852229855285,4.726629710805441,172.12318596762088
13908.700206510715,5131.079021193389,0.07366111735324055,11.761740912985193,7.4150272591917625,166.5025273330903
14818.052946856307,2666.3843128911303,0.19312427566890095,9.684072059618218,8.696244701970489,132.8052033891244
13279.50110637045,2698.507221617846,0.024838868917775314,11.773607584738816,9.404443244924853,145.87024838101138
13838.44022701792,2845.517841078736,0.01849514837382016,14.007949871944852,6.714151194708212,109.63217266023022
13546.625087381986,2948.6750574047373,0.12356541123359754,8.170359543992532,10.414106574136671,178.63464626335696
15386.029069821097,4806.9263404134435,0.12314389510212712,14.383727029250078,4.2674762874524275,117.62853274905495
14235.614568033108,5085.92981165937,0.10206920776439843,11.622480801205649,5.465166855581772,152.8415604897049
13598.33766270998,1991.6364831841352,0.08610363835563511,10.088985882771293,9.407585351773925,103.03599139810149
14602.196062840621,4079.715585815056,0.20582732823813216,8.396650318117901,11.226651683583857,164.3035301828196
17018.216341995627,2213.7591881979743,0.23841271121810861,14.526089008904728,11.91046612392121,102.46084628204743
13548.37914478919,4742.447526593052,0.08979307034021264,9.734773136789162,5.987089576430042,167.6315627683232
13846.264870247654,4294.805778633068,0.05111733625912279,12.561657039860926,4.4453471361099455,114.84344027852154
14045.44574006438,2797.694839453943,0.012656872816635245,14.945545596354197,6.01790708327739,112.20771541193544
15238.2503483699,8908.456952491444,0.2030107943187888,10.66610938845203,5.026466532805693,155.80787328610018
14243.469906304743,3376.674125673455,0.179349082771759,8.258678346397446,5.564897519570897,112.64498783290937
13879.92845686868,1821.2147862504955,0.0795927139815405,11.39469597727513,10.92895661605906,103.10772828973613
14955.99327231088,7178.62846732837,0.14512912387425686,12.153503163304975,4.538042386258911,163.73466965653336
15922.039687537937,7950.060935518304,0.21978856127229876,12.126321280896107,5.770288751173792,175.39497510560957
13681.351227675877,3304.6907684372836,0.021825775950205295,13.327742473408877,6.51722467840149,98.27093642562494
14758.177214562067,3203.343707201609,0.12635083356836027,12.307299909297498,9.180576188464432,144.0380966704862
14594.421626054407,1715.626870761645,0.1282881923514055,11.689214240551777,11.37334388678169,124.36653100935033
14936.19352526668,3312.3957421313507,0.17204229348638694,10.96408334655819,7.797463238318207,112.58963814668087
15790.549272302427,4619.905724121248,0.19482207493282275,12.71570182860478,7.637627162904112,113.26251767780619
14779.448418797478,3606.3129432458595,0.12863729471524898,12.279265724052854,5.4284739092105925,114.15593449283571
13529.364453730595,2744.54473881709,0.1183111922329014,8.34692010718059,8.29629627770332,91.08925233030729
13992.62222671328,5700.93438569882,0.09492735777029523,11.101318995963045,5.235323132023865,124.62297054208432
15620.207634624488,5155.526852477509,0.2270357870373274,10.91131780891424,4.8734204955410645,115.97706086975145
16813.321799364112,2105.5614637645303,0.22143586656828326,14.60290216639227,9.726458763822198,90.87815704707465
16472.131912518696,12881.308410472733,0.22154597027324188,13.658407875813225,4.558958993710237,171.30082661850065
15416.000807059001,3531.662219145756,0.1824106804698377,12.069984855760161,6.321063459570788,120.52354627376283
13882.712683373615,5768.392909856708,0.1289325843085027,9.183515248463628,8.401474556838348,174.82280934966334
13050.453003561937,2734.6892615432453,0.014090081566753926,11.441876575487708,8.475671157768838,97.20754646479344
15600.936999228314,1639.165200979595,0.206136621709114,11.687805208798824,10.144386168767015,100.18310862469845
14315.561561036586,4243.607712203261,0.1272684035775906,10.792659663961787,7.4127678747218155,174.54252151261414
15708.019239432439,7353.1273322548195,0.19940813653279577,12.284825900998575,7.050393936461532,179.78121005259396
15355.22050266862,3472.371377232368,0.15558714130424708,12.971883008159027,8.215368765695112,167.02572719298064
15339.779056486143,4992.558220109851,0.13290709208530396,13.848466324019038,5.249519542804759,135.9808398688295
14367.812127343188,2950.739356140077,0.09687238505147638,12.293625965600462,8.722257223977287,159.57654130231617
14300.331487157864,4409.166529153961,0.06184563114514688,13.599118998342123,10.10931229323071,151.22284437147923
13929.772113760262,2154.030203023931,0.02343693104217187,14.08780887569022,6.704474152068724,95.74300781923051
13724.721225004647,3862.6359844459157,0.09934135397771726,9.945862774063968,7.404119480461227,178.6808721373622
14504.82057987745,3974.5523627698562,0.1256677259702527,11.503678273511355,10.904286053296854,164.6941117651392
16425.59704255241,5552.192131309897,0.21351128751270412,13.83279290209272,6.616067524268772,146.83852827465552
16486.108005346374,5096.502721001907,0.24723572996434964,12.72393188969006,4.149507129051165,112.85921272179056
16077.53414564064,1921.3626528630768,0.2089677548219184,13.009915750172198,11.013610813287581,113.79074530671416
13439.450705127992,3522.1768280976075,0.06905919625142098,10.291440067582895,11.909696372119303,153.89144905551132
15586.523432228372,2749.1006750458937,0.1497555160845504,13.903580665791987,10.662780807234732,178.44666669195175
14973.309613941516,4068.116976896217,0.11204514761142595,13.589573323716468,5.619338704064004,108.05583048087016
13834.230851736877,3023.4296192089914,0.03985851813152061,13.028959375343002,10.841023493617197,149.13386262957687
14123.810762495159,4328.023276536348,0.10587022201969509,11.071351435640624,11.01010125320394,175.02424115953448
13665.952448933958,7999.361702863,0.08757432180170219,10.268680022681217,6.10447977209042,177.00195748706665
14423.216518531004,3827.224081052287,0.13552329773355754,10.802291756910737,10.414116789199047,133.71454960264745
14193.58889767069,3243.7834638739737,0.06992169127033315,12.894597742975375,6.184427190436206,97.9756260226765
15518.299550255173,3016.5566093968314,0.21236948017155385,11.179546327478858,8.562693364965824,99.33063630190564
13933.224283459633,2417.835429693341,0.15349938725947324,8.265925187142669,11.253397985817037,148.85276373976654
13132.867106427186,2363.88293148266,0.05169002083029667,9.957482456641737,8.386478451808461,134.2303134331773
13452.911830321747,5430.832650772516,0.10177044245279102,8.821710338187204,7.769961638518211,179.8174146672465
14154.462809720251,3940.599960051783,0.15931904165699998,8.817614432260173,6.580879937523551,107.25541984566433
13496.712367930339,1989.4688720789056,0.0027122516683638076,13.574212904627508,10.913021282910782,138.4158273907407
14885.094865696716,5804.768658545068,0.14943132398043374,11.744994658578761,4.280879727496254,93.35496096141279
12970.357752223323,5572.264194530904,0.009916493976464547,11.343097674746664,7.138766750336808,150.81812136702314
14612.187390194353,6030.707236072406,0.052358875529655124,14.99512272084516,4.206599271171452,95.44133898502851
17114.89396019012,1845.689451198809,0.24336676638524712,14.602076469052026,9.995870915776383,94.67538697833324
13170.03836063483,4113.411217685672,0.08527934518102306,8.504954717810584,5.376873699645441,123.07124089381597
15038.538697435739,7571.688662335112,0.09135194070706032,14.650747383012167,4.776508813892631,117.2700980864959
14907.651131086584,2898.1624919828114,0.21249412975708945,9.17453385454986,11.631263346946405,178.78010212390183
12947.236511336629,2702.8740435792465,0.0014576506204680983,11.664473466869115,10.40744599365237,157.30915322084883
16571.502239516198,4150.525287153166,0.21343210996034503,14.242261726786868,8.68054411716491,133.07068371366972
14329.97105046947,4756.747767879586,0.10560605310008375,11.786790675564696,6.111498623993803,165.93413276435598
13567.94676040033,1345.6298839820831,0.06926654009459246,10.752658310962069,11.11327562114327,101.02617782313655
14678.0016536963,1875.2732490387218,0.18915837831359952,9.372822666336038,10.088659878975397,109.0222287877606
15608.447658319894,8679.544173861545,0.18122513544471072,12.708410182836783,4.234343938518871,135.12243693419646
13420.307217381753,3730.501491228638,0.100841827650992,8.740612614099593,7.844560064853099,100.66249770277634
15725.355939152709,3881.883793299475,0.22855792494325786,11.179064168271804,10.819774794281471,142.18541067618747
13591.186368717505,2301.404927703524,0.12048237830980921,8.4820456780021,10.275245709823901,108.71418992609739
16800.683531937804,2701.5483177211545,0.21517810496939793,14.80150946433376,9.992407053375668,121.05577333365929
16951.456133635726,5530.678677173739,0.2438402935021446,14.146915256114692,6.779886925260548,160.91027378260424
16321.144019949706,2348.70323040243,0.24502745182085953,12.330644859757895,11.540797309741892,125.73379220254142
14564.227162058793,9150.25935982986,0.15582575726127854,10.407514971131295,6.436892456682364,177.18377085834774
16631.8253616466,6940.554074052977,0.2044164592693876,14.746964911345618,7.800151820532947,179.9011717307357
12810.127690182651,2491.426754905285,0.061947082142388116,8.196349602492916,11.668169646284355,173.49614366618408
16205.296794694497,3444.822467898911,0.21705748717021583,13.068433591515625,9.038074486545163,118.48847798206272
14244.208868666516,3971.9067137048664,0.18153404765040412,8.165507079232711,5.578471050490424,100.46159183205305
13205.234788309588,6045.457728683123,0.08683801324878129,8.568446888030214,4.759225761413713,91.39048506863526
14874.875777534118,5931.123304528909,0.1468169501899656,11.821674399116564,6.934072594808241,142.30223187251497
14722.432475266307,9433.986253863595,0.2223577029641659,8.116449367967602,4.798146312732385,166.0981920134519
14595.480737771768,2544.394871216298,0.15132822072713778,10.706268802877219,10.132755387028837,113.09024345491522
14977.99684128012,1681.8895206265893,0.11733996540709793,13.3831906767313,9.496891401101989,91.78139207347462
13123.993417623566,1603.1603700938617,0.02116439935878936,11.377127916005948,10.113686879060623,106.37917082554026
13615.509566953715,1834.035042204275,0.009940241580703169,13.647546787554209,10.246862828165053,115.79649403169033
12211.216177579718,4240.447407819966,0.013689671987036162,8.125126744842508,6.376462353268167,129.83078099848467
15331.993885916087,5024.482968826599,0.11899045878162628,14.392245241587315,5.980165396756965,92.4854805090531
14144.23717450113,5336.393180919509,0.05690192864622998,13.305459405240551,4.351122710654197,100.02188924291902
16477.861852901813,6916.762835754997,0.22348084333047843,13.60114505879542,5.97217782345105,151.47016843251976
15587.5894672388,5719.000978798708,0.23078924831534908,10.658121309714735,6.431085996666063,147.67622897477682
13722.641057340697,4305.83680480356,0.10626943831783128,9.622784651578813,5.431084808107605,90.53010791299076
13834.158199029627,9669.412607349976,0.11726769398596415,9.532074861735952,4.134639208870782,139.04778490272284
16066.316125324918,7665.140436483563,0.2073255738155925,13.040978514298434,4.578964270261739,119.90106425018504
16546.050753244224,5349.410046713376,0.217119318576895,14.032620078609932,4.60210478051225,116.17110842867349
15139.051595786415,4250.07848682427,0.2352819974045871,9.010777503722572,10.435292213374655,128.02435181361773
14688.822081397482,3476.226856951287,0.09690558535961696,13.33479005346375,7.9033103986939786,110.70589139736589
13389.04551696889,8220.275226481222,0.09393075548889138,8.943485744601826,5.5587597610584005,156.19278159174718
13916.46260345484,5764.655772071829,0.10443071843375357,10.40697868498328,5.043090108800975,156.58210212201118
12656.231787822875,4183.341760232747,0.021703760051775406,9.553444445043011,7.7886934530008,173.41590190574846
12796.034738632905,4534.915741709933,0.03765908022130346,9.325411933699318,10.120471535861931,155.69044248775288
16197.797295667473,4725.309701971099,0.17670551736775245,14.603457566655967,8.99523415289815,179.49442029160312
14292.552977594038,4234.535282266273,0.18411742103634107,8.227885072580154,6.0695037900766575,123.71546042574677
14104.805931715608,3951.5141588344495,0.1374011737173041,9.608474764631582,10.425352243888648,130.50005087618658
15514.298980758529,1935.6342144348712,0.16964453797038237,12.887875703995892,9.19007210485352,90.28532388484223
13617.498842321264,2319.3145408475975,0.03639249745601339,12.440436498481013,11.098249327101298,151.17978666618293
12772.254802780042,4988.231233254215,0.05657105450329694,8.305768740996154,7.072897046956986,138.27866659964164
13316.62609277126,6102.890143971966,0.08699796072287871,8.991157301218838,4.403206007518748,129.15424576724362
13478.452037041452,5426.987515940901,0.10655691705468584,8.696772638905381,4.336954063594689,136.5884806105869
14438.73738781304,3016.0120500676976,0.05323427781632309,14.416600148729929,5.1219463802627265,95.72211410363087
13481.799291898344,3465.7953523461674,0.10895642329688304,8.598289646988391,7.414330100963488,169.61326397241456
15245.673367719837,6328.4318829873755,0.2385633483675956,9.232876125494109,6.935611303082135,131.23289040029422
13922.099569991638,2768.0148975334173,0.12701742065902938,9.413242814664091,6.976687632456631,112.05658660307809
13946.900803687098,5517.96095280464,0.08935840395504105,11.190537766379663,7.760308314731308,141.49600653019112
15142.388274741928,3247.510528605661,0.17754297873542976,11.404804247158648,10.514012528842008,179.22010644560214
13581.885042145881,4940.993898167905,0.08304862924090561,10.169085962405166,5.024186265857831,100.49176623309509
14022.99749949102,1568.4602520521871,0.06303632823919922,12.6283844106077,11.249977607838128,97.14997512306672
15497.905891617682,4519.102792222692,0.15842187865352214,13.290558067121282,6.018888218395312,125.88478084044945
12922.827395861697,2936.225526273402,0.04545251278626558,9.445745115092851,7.687495474600713,103.17470547149996
